¹,1,2,3,4,5,6,7,7-2,7-v,8,9,9-2,10,11,12,13,14,15,16,17,18,19,20,21,22,23,24,25,26,27,,,,,,,,,,,,,,,,,,,,,,,,,,,,,,
1,4,1,11724,2,4,55,24,1,625,ÎÀÓÀÎ,29,4,4,70,4,12,"6, 9, 18",2,1834984,2151 9630,1133 522,"17
https://youtu.be/tBHU9W167yA","29 32
https://youtu.be/tBHU9W167yA","28
https://youtu.be/tBHU9W167yA",700,36,0,"1 3 42283 126849
1 47 2699 126853
1 5 25373 126865
1 293 433 126869",2797 51,67303  200157496,,,,,,,,,,,,,,,,,,,,,,,,,,,,,,
2,4,2,786,3,4,165,10,3,3750,ÎÎÎÓÎ,15,2,18,38,4,14,3,3,1048598,1649 12876,1357 701,19,32 36,31,998,32,1,"1 5 20543 102715
1 59 1741 102719
1 139 739 102721
1 2 51361 102722",3827 61,109737 401536407,,,,,,,,,,,,,,,,,,,,,,,,,,,,,,
3,3,4,107,3,2,147,7,3,256,ÓÀÀÓÎ,14,3,23,2,2,8,"4,6,9,12,18,36",2,102697,1178 10992,1236 717,20,34 38,33,999,96,2,"1 3 51343 154029
1 2 77017 154034
1 31 4969 154039
1 3 51347 154041",5011 92,66228 203412732,,,,,,,,,,,,,,,,,,,,,,,,,,,,,,
4,1,3,34,2,4,16,16,4,32000,ÓÎÓÀÓ,27,1,65,256,4,12,"6,8,12,24",3,1606706,1265 13188,1320 522,12,21 23,20,871,54,4,"1 2 104917 209834
1 223 941 209843
1 5 41969 209845
1 173 1213 209849",2496 96,123720 402332230,,,,,,,,,,,,,,,,,,,,,,,,,,,,,,
5,2,1,100,4,2,32,28,2,480000,ÀÐÊÊÊ,13,1,42,5400,4,18,5,4,1398104,519 9680,1361 711,13 ,23 25,22,986,38,5,"1 233 647 150751
1 2 75377 150754
1 41 3677 150757
1 13 11597 150761
1 107 1409 150763",3224 96,75960 203343860,,,,,,,,,,,,,,,,,,,,,,,,,,,,,,
6,4,4,6,2,1,19,384,4,8,ÀÓÓÐÊ,11,1,22,30,4,20,"6,9,12,18,36",2,1235714,1414 1200,1277 501,15,26 28,25,987,225,6,"1 31 8123 251813
1 5 50363 251815
1 3 83939 251817
1 419 601 251819
1 17 14813 251821",2373 67,782040 997002,,,,,,,,,,,,,,,,,,,,,,,,,,,,,,
7,2,4,44,2,1,77,80,1,108,ÊÊÊÓÊ,25,1,3,256,3,24,5,3,1441790,776 200,1326 708,16,29 31,28,779,448,7,"1 2 56509 113018
1 2 56519 113038
1 131 863 113053
1 2 56527 113054
1 167 677 113059",950 64,692286 952567,,,,,,,,,,,,,,,,,,,,,,,,,,,,,,
8,2,3,4,3,4,36,32,4,2,ÊÓÀÀÊ,13,4,8,128,2,46,"4,6,8,12,24",2,1874798,573 1107,1259 560,18,32 34,31,998,230,8,"1 2 111497 222994
1 173 1289 222997
1 269 829 223001
1 7 31859 223013
1 2 111509 223018
1 83 2687 223021",1132 70,11009 200,,,,,,,,,,,,,,,,,,,,,,,,,,,,,,
9,3,4,5,4,1,80,12,2,2560,163,7,1,8,24,3,24,"8,17,26",1,1540093,791 1339,1334 486,14,24 26,23,985,572,11,"1 17 15193 258281
1 181 1427 258287
1 173 1493 258289
1 7 36899 258293
1 5 51659 258295",1498 53,2465 121,,,,,,,,,,,,,,,,,,,,,,,,,,,,,,
10,3,3,17800,4,1,65,16,1,256000,92,17,4,15,540,3,33,"13,29",1,1671,4358 1098,1350 686,16,28 30,27,959,298,9,"1 271 1249 338479
1 2 169241 338482
1 59 5737 338483
1 2 169243 338486
1 23 14717 338491
1 3 112831 338493",967 88,15062 45226419,,,,,,,,,,,,,,,,,,,,,,,,,,,,,,
11,2,3,5,1,1,25,64,2,128,183,9,1,7,128,2,13,"4,8,9,13,17",4,10232,5967 14062,1139 529,14,23,21 24,98,15,14,"1 2 4 41177 82354 164708
1 3 9 18301 54903 164709
1 2 4 41179 82358 164716
1 2 4 41183 82366 164732",862 96,14432 45978688,,,,,,,,,,,,,,,,,,,,,,,,,,,,,,
12,3,1,26400,4,4,30,32,1,50,82,8,3,33,200,3,16,8,2,17145,4726 12205,1418 743,15,25,23 26,72,32,30,"1 5 25 7727 38635 193175
1 2 4 48299 96598 193196
1 3 9 21467 64401 193203
1 7 49 3943 27601 193207",1551 51,47 745460178,,,,,,,,,,,,,,,,,,,,,,,,,,,,,,
13,2,2,114,4,1,150,128,4,2400,769,15,3,4,160,3,23,13,1,15287,3707 10986,1239 519,16,15,24 27,711,15,19," 1 17 289 349 5933 100861
1 2 4 25219 50438 100876
1 2 4 25229 50458 100916
1 3 9 11213 33639 100917",1503 64,30 360137507,,,,,,,,,,,,,,,,,,,,,,,,,,,,,,
14,4,4,4,1,2,660,256,2,32,257,7,4,8,100,3,17,"2,11, 22",2,11612,5178 15876,1242 690,17,29,27 30,990,2,28,"1 2 4 44351 88702 177404
1 11 127 1397 16129 177419
1 2 4 44357 88714 177428
1 29 211 841 6119 177451
1 3 9 19717 59151 177453",809 77,17 150016535,,,,,,,,,,,,,,,,,,,,,,,,,,,,,,
15,4,3,22,2,4,707,128,1,1000,721,5,4,10,250,2,14,"5,30",4,1343116,3590 12567,1225 659,14,13,22 23,106,102,40,"1 19 361 499 9481 180139
1 11 121 1489 16379 180169
1 7 49 3677 25739 180173
1 5 25 7207 36035 180175",1103 80,8 128567918,,,,,,,,,,,,,,,,,,,,,,,,,,,,,,
16,4,4,16,2,3,26,64,3,44,841,13,2,20,300,1,17,72,1,5158048,2311 1176,1402 738,14,25,23 24,108,266,49,"1 3 9 15083 45249 135747
1 2 4 33937 67874 135748
1 2 4 33941 67882 135764
1 5 25 5431 27155 135775",1067 64,19 132286186,,,,,,,,,,,,,,,,,,,,,,,,,,,,,,
17,4,3,112,2,1,60,32,2,1875,ÐÐÐÎÊ,7,1,3,21,3,11,7,1,1112057,2025 1056,1153 612,15,27,25 26,100,627,106,"1 2 281 562 78961 157922
1 5 25 6317 31585 157925
1 3 9 17551 52653 157959",1068 77,6 129920689,,,,,,,,,,,,,,,,,,,,,,,,,,,,,,
18,1,2,205,3,1,89,16,3,48,ÓÓÓÎÓ,7,3,11,765,3,16,5,2,1594324,1353 980,1309 539,16,29,27 28,107,92,72,"1 3 9 15907 47721 143163
1 2 4 35797 71594 143188
1 31 149 961 4619 143189
1 2 4 35801 71602 143204
1 2 4 35803 71606 143212",928 77,11 17813,,,,,,,,,,,,,,,,,,,,,,,,,,,,,,
19,2,2,16781,2,4,135,8,2,512,ÒÒÐÌ,18,4,8,200,4,16,8,4,1195750,1644 1308,1318 616,18,17,30 31,168,8,136,"1 2 4 29717 59434 118868
1 2 4 29723 59446 118892
1 11 121 983 10813 118943
1 3 9 13217 39651 118953
1 2 4 29741 59482 118964
1 3 9 13219 39657 118971",933 44,663497670 999806976,,,,,,,,,,,,,,,,,,,,,,,,,,,,,,
20,1,3,316,1,2,44,256,2,40,ÐÊÐÊÎ,10,2,2,192,2,9,4,1,37282721,1867 1050,1309 607,19,18,29 33,179,31,732,"1 17 289 349 5933 100861
1 2 4 25219 50438 100876
1 2 4 25229 50458 100916
1 3 9 11213 33639 100917
1 2 4 25237 50474 100948
1 29 59 1711 3481 100949",748 70,19 235,,,,,,,,,,,,,,,,,,,,,,,,,,,,,,
21,4,4,54,3,4,9,8,4,1250,128,8,1,75,160,2,13,"4,24,25",4,2496118,380 9737,1276 719,18,17,28 31,170,33,16,"190201 17291 11 1
190202 95101 2 1
190214 95107 2 1
190219 853 223 1
190222 95111 2 1
190223 17293 11 1
190227 63409 3 1
190229 14633 13 1",9000 190680,13608 40724928,,,,,,,,,,,,,,,,,,,,,,,,,,,,,,
22,1,2,1904,3,1,11,28,1,1280,80,15,2,141,250,3,14,"2,6,7,8,18,19,20",2,96631265,1323 2478,1492 640,17,16,26 29,118,14,11,"190226 838 454 2
190234 17294 22 2
190238 2606 146 2
190252 95126 4 2
190258 758 502 2
190274 27182 14 2
190276 95138 4 2",957 501,6804 19817794  ,,,,,,,,,,,,,,,,,,,,,,,,,,,,,,
23,4,3,142,2,2,60,30,2,1088,240,7,4,110,256,3,20,194,4,22947841,3232 8298,1619 945,16,27,25 28,105,22,20,"190061 6131 31 1
11879 1697 7 1
190067 2677 71 1
23759 1033 23 1
190073 14621 13 1
95039 13577 7 1
190079 2837 67 1",519 909,13159 40799380,,,,,,,,,,,,,,,,,,,,,,,,,,,,,,
24,3,3,3971,1,3,110,24,3,1056,1215,5,2,18,400,2,16,"5,13,21",2,2468785,2568 7856,1535  975,15,25,23 26,177,25,44,1 11 121 1331 14641,856 953,8015 19596697,,,,,,,,,,,,,,,,,,,,,,,,,,,,,,
25,3,2,37433,3,3,2048,64,2,2576,486,13,3,109,150,3,24,"11,22",4,3279892,363 2319207,32 23,12,11,9 19,89,60,19,1 13 169 2197 28561,27700 7896,13035 40382419,,,,,,,,,,,,,,,,,,,,,,,,,,,,,,
26,3,1,26904,3,1,21,256,4,3088,256,7,3,1729,540,4,18,"9,27",4,24 1114369,8587 1486388,304 341 342 345,18,17,26 27,27,26,20,1 17 289 4913 83521 ,3845,6495 20191039,,,,,,,,,,,,,,,,,,,,,,,,,,,,,,
27,3,4,310,4,1,29,72,2,1288,1458,7,3,2,300,2,17,8,2,30 1249317,471 3720,137 650,17,16,24 25,117,129,7,1 19 361 6859 130321,340,11828 41262097,,,,,,,,,,,,,,,,,,,,,,,,,,,,,,
28,3,1,68,3,3,85,42,3,60,640,17,4,29,500,3,18,7,3,40 6791973,683 7407,1053 2053,18,17,28 30,149,88,95,1 23 529 12167 279841,1054 732,6756 19751921,,,,,,,,,,,,,,,,,,,,,,,,,,,,,,
29,2,4,997,4,2,77,90,4,2048,1215,9,1,92,200,4,15,"9,27",1,46 3267851,8555 910880,1222,17,16,25 27,417,48,31,"1 29 841 24389 707281
1 31 961 29791 923521",440962 91,25034 76468978,,,,,,,,,,,,,,,,,,,,,,,,,,,,,,
30,2,4,10,1,2,58,32,3,72,324,7,4,51,100,3,36,"6,14",1,199 3238315,1533 2190194,399,14,13,20 22,85,26,150,1 31 961 29791 923521,72 17730,4913 15089332,,,,,,,,,,,,,,,,,,,,,,,,,,,,,,
31,17,3,7,2,4,89,24,340,400,150,15,4,RECOMMENDED,240,3,11,7,4,499 324,550 3136,575,5,4 15,14,51,32,54,"1 37 1369 50653 1874161
1 41 1681 68921 2825761",499078 550,15148 29466419,,,,,,,,,,,,,,,,,,,,,,,,,,,,,,
32,14,2,7,2,2,62,20,2,2340,29,7,1,10,150,1,9,"11,27",2,999 9,376 7750,458,4,3 14,0,91,32,169,48 394450 197225,482303 576,5896 14078757,,,,,,,,,,,,,,,,,,,,,,,,,,,,,,
33,15,1,4,1,3,100,512,3,1800,256,5,1,ÂÅÒÂËÅÍÈÅ,3,2,34,4,3,6999 33,2187 6558,617,11,16 21,1,37,44,1280,112 287040 143520,464632 602,18380 58701760,,,,,,,,,,,,,,,,,,,,,,,,,,,,,,
34,16,3,170,3,1,120,16,4,15,496,13,3,14,2850,2,36,6,1,520 7,1024 4094,456,11,17 20,2,157,40,891,"80 586224 293112
80 586320 293160",6808 99,9750 30227250,,,,,,,,,,,,,,,,,,,,,,,,,,,,,,
35,22,4,1985,1,2,28,2,5,2,256,7,3,6,1300,3,49,6,2,16 32 16,1455 4237,551,14,23 26,2,5994,84,362,"1 48 394485 131495
2 48 394500 197250
3 48 394506 197253
4 48 394524 197262
",143518 4,51 24019058,,,,,,,,,,,,,,,,,,,,,,,,,,,,,,
36,15,2,1980,3,3,16,16,90,10,61,502,3,13,150,4,36,13,4,30,1622 5137,495,10,15 19,1,607,75,660," 1 194481 25 441 
2 195364 27 442 
3 196249 3 443 ",63792 600,110 519880,,,,,,,,,,,,,,,,,,,,,,,,,,,,,,
37,16,4,12,3,3,"115,122",64,40,48,121,32 8,1,61,2500,4,7,6,3,22,1600 4210,469,13,20 24,0,104,25,4904," 1 249001 3 499
2 251001 9 501 ",5931 800,37 1824804089,,,,,,,,,,,,,,,,,,,,,,,,,,,,,,
38,12,2,7,2,2,"177,187",16,4,3076,33,181792,2,26,6,2,12,7,1,8,2919 9679,608,7,12 14,2,9910,77,5563,405456 4 270302 135151 2 1,573 229,71 254363,,,,,,,,,,,,,,,,,,,,,,,,,,,,,,
39,21,4,1982,2,2,"100,107",128,3,2832,256,418 86 ,3,42,94,2,33,6,2,802165,1425 9080,617,"11
https://youtu.be/WO_2P87SLSs","3
https://youtu.be/WO_2P87SLSs","7 8
https://youtu.be/WO_2P87SLSs",35,301,5 6 126,574992 967,118 10000,75 508801,,,,,,,,,,,,,,,,,,,,,,,,,,,,,,
40,16,4,533849,2,1,27,4,2,10248,324,942,2,27,200,2,24,"3, 8, 13, 18",3,87810480,494 1874,5,14,5,9 10,52,201,14 9 179,"1 2943467
2 2943491
3 2943503
4 2943527",113 9999,621 103914584,,,,,,,,,,,,,,,,,,,,,,,,,,,,,,
41,17,1,1897,1,2,2,64,5,9224,37,218,4,31,100,3,33,"6, 31, 56, 81",2,40,119 9421,882,15,3,11 12,34,57,"1 4 Cccc
2 3 Ccc
3 1 C
4 2 Cc","1 4671071
2 4671077
3 4671097
4 4671101",13 1381,250 20069147,,,,,,,,,,,,,,,,,,,,,,,,,,,,,,
42,28,3,27679342,3,1,6,2,128,À216,175,294,2,9,320,3,66,"8,72",3,46,26 2586,8,13,4,8 9,4,64,"1 9 ccccccccC
2 8 cccccccC
3 8 cccccccC
4 6 cccccC
5 7 ccccccC
6 8 cccccccC","1 4202897
2 4202899
3 4202903
4 4202911
5 4202923
",7354 111,3054 455301718,,,,,,,,,,,,,,,,,,,,,,,,,,,,,,
43,17,1,88479,2,2,18,5,20,A120,781,12,4,22,1100,1,22,"5,80",2,655360,1176 3723,446,16,8 15,12,800,247,"18
AAACCAAABBBCBBB BBBCCCCCCABCCCC
AAA2ccAAABBB1cB B6ccccccAB4cccc","1 1547347
2 1547383
3 1547389
4 1547407",6111 190,1063 151540169,,,,,,,,,,,,,,,,,,,,,,,,,,,,,,
44,11,4,CHINA,4,1,"392,489",8,45,Á6,369,27,3,14,120,2,44,"7,56",4,121757,585 9189,15,18,9 17,14,801,308,"17
AAACCAAABBBCBBB AABBBBBBCCCABCC
AAA1C!AAABBB2CB BBBB16C!!AB17C!","1 4837187
2 4837201
3 4837213
4 4837219
5 4837223",11493372 4877,2996 454694482,,,,,,,,,,,,,,,,,,,,,,,,,,,,,,
45,8,3,2129900,3,2,"101,103",1,80,115,2101,16,3,13,600,3,99,22,1,180224,723 -3115,2936,21,7 20,18,68,232,"14
AAACBBBCBBBBCCAAAAAABBBBBBBBCCAAAAA
24CCCCCCCCCCCCCCCCCCCCCCCC1024AAABB","1 4301623
2 4301669
3 4301699
4 4301701
5 4301707",331 98715310,1239 151970679,,,,,,,,,,,,,,,,,,,,,,,,,,,,,,
46,13,2,REPUBLIC,3,4,22,10,95,1465,91,18,4,35,1000,3,56,4,4,92,350 -7008,1874,41,3,12 38,555,52,12 129,"1 2358827
2 2358841
3 2358859
4 2358877
5 2358887",36 34495210,115110 410884352,,,,,,,,,,,,,,,,,,,,,,,,,,,,,,
47,11,4,69,4,1,27,54,15,1372,671,34,2,17,390,4,90,5,3,64,2057 192,8558,34,1,11 32,4333,39,18 145,"1 4730729
2 4730771
3 4730779
4 4730807
5 4730809
6 4730813",4885 900,64573 189977078,,,,,,,,,,,,,,,,,,,,,,,,,,,,,,
48,5,3,76,3,2,16,16,80,5290,4651,17,4,242,400,1,60,6,3,842,8515 125,245937,14,3,12 39,469,35,72 148,"1 2484311
2 2484319
3 2484323
4 2484331
5 2484353
6 2484359",2 50725296,117046 411037387,,,,,,,,,,,,,,,,,,,,,,,,,,,,,,
49,8,1,319862,1,2,25,13,8,23070,13,18,8,17,640,1,96,3,1,32,774 4092,58963,21,22 42,24,99888,17,62 155,"1 1371089
2 1371103
3 1371107
4 1371113
5 1371119
6 1371121",3183529 56263918,61777 190410765,,,,,,,,,,,,,,,,,,,,,,,,,,,,,,
50,12,4,30,1,3,16,200,24,60,113,5584,2,186,7,4,64,4,4,285,851 335,1986,25,26 50,28,2000,17,19 156,"1 2532433
2 2532437
3 2532449
4 2532451
5 2532479
6 2532487",2351097 54751679,135266 409953886,,,,,,,,,,,,,,,,,,,,,,,,,,,,,,
51,14,4,207,1,2,24,3,8,6,821,71879 70609,3,16,8,4,14,4,1,148176,147061  823538,30,45,46 90,48,4097,28,22 153,"1 3144509
2 3144527
3 3144529
4 3144539
5 3144551
6 3144571
7 3144587
8 3144599",6000514 99161667,62276 190343719,,,,,,,,,,,,,,,,,,,,,,,,,,,,,,
52,11,3,19,3,3,11,1,100,180,624,15 3,7,31,10,3,15,14,4,85400,45  15610,8,100,150,250 299,432,55,2 3,"1 4409981
2 4410019
3 4410041
4 4410047
5 4410061
6 4410079
7 4410097
8 4410101",49867 10002885,2919 299988174,,,,,,,,,,,,,,,,,,,,,,,,,,,,,,
53,8,4,128,2,4,100,1,15,9,1008,30,2,95,12,3,9,14,3,48,62730 24,840 82,15,17 30,21,1003,377,W 4,"1 3614033
2 3614041
3 3614057
4 3614087
5 3614099
6 3614101
7 3614111",38 884877115,963 302658,,,,,,,,,,,,,,,,,,,,,,,,,,,,,,
54,15,2,92,4,3,27,6,180,1380,765,61,12,28,21,2,10,64,2,33,2679 14728918,778 80,3,2 19,18,929,28,9 5,"1 6638227
2 6638231
3 6638249
4 6638251
5 6638263
6 6638273
7 6638299
8 6638321",15 133397333,3852 399982040,,,,,,,,,,,,,,,,,,,,,,,,,,,,,,
55,10,3,386,2,1,16,3,18,A52,11504,56,12,6,17,3,11,14,1,91,476 2183841,875 210,6,14 22,21,112,70,S 6,"1 5336753
2 5336761
3 5336789
4 5336797
5 5336801
6 5336813
7 5336831
8 5336833",423 501,1320 404632,,,,,,,,,,,,,,,,,,,,,,,,,,,,,,
56,16,2,114,1,2,36,16,160,A148,768,35,5,139,186,1,9,12,3,384,2539 14942988,859 193,7,22 24,21,1500,21,K 7,"1 5962477
2 5962499
3 5962519
4 5962547
5 5962549
6 5962573
7 5962577",3851 32,3852 399981558,,,,,,,,,,,,,,,,,,,,,,,,,,,,,,
57,10,4,38,2,9593,42,512,35,A50,2560,16,1,18,113,4,66,16,1,575,2046 9555327,1216 196,8,28 30,27,4,12,J 5,"1 5408309
2 5408311
3 5408323
4 5408341
5 5408357
6 5408383
7 5408387",7380 285,1332 406773,,,,,,,,,,,,,,,,,,,,,,,,,,,,,,
58,11,2,50,1,3959,10,1024,96,A170,409,14,5,22,40,3,30,7,2,77,498 2284029,1024 276,4,3 23,22,22225,38,V 8,"1 6080069
2 6080131
3 6080141
4 6080147
5 6080149
6 6080153
7 6080161",64 159,351 357914111,,,,,,,,,,,,,,,,,,,,,,,,,,,,,,
59,22,4,10,3,9390,32,256,32,A26,1584,21,7,32,46,4,36,9,4,137,2263 10777692,779 76,7,11 25,24,121,6,1 9,"1 7178609
2 7178617
3 7178621
4 7178623
5 7178627
6 7178653
7 7178657
8 7178659",20164 63,115 107374272,,,,,,,,,,,,,,,,,,,,,,,,,,,,,,
60,55,4,38,2,1609,24,810,112,A234,576,10,3,7,51,1,84,"6,9,10,12",2,100,3769 20230104,731 40,8,12 29,28,501,20,E 11,"1  3532147
2  3532121
3  3532103
4  3532091
5  3532049
6  3532033
7  3532021
8  3532019
9  3532007",55255 266,925 5036375,,,,,,,,,,,,,,,,,,,,,,,,,,,,,,
61,30,2,138210,3,2499,65,2160,9,A10,1125,19,5,98,23,1,42,"7,8,10,14",3,33,646 3312617,796 52,8,20 31,30,180101,8,0 14,"1 2532157
2 2532143
3 2532137
4 2532113
5 2532109
6 2532107
7 2532083
8 2532071
9 2532067
10 2532007",7347 99,850 5036250,,,,,,,,,,,,,,,,,,,,,,,,,,,,,,
62,46,4,1091030,2,9964,200,675,60,A106,175,11,6,20,2300,3,42,12,1,27,3014 13692938,974 306,10,5 11,8,44488,88,O 13,"1 1532143
2 1532131
3 1532123
4 1532117
5 1532107
6 1532093
7 1532081
8 1532077",68 33,5 317,,,,,,,,,,,,,,,,,,,,,,,,,,,,,,
63,8,2,203360,1,5300,38,450,600,À122,875,24,2,19,16,2,63,9,3,14,986 5368496,960 205,7,4 7,8,99773,38,A 23,"1   2532007
2   2532067
3   2532071
4   2532083
5   2532107",80 35,1246 403229,,,,,,,,,,,,,,,,,,,,,,,,,,,,,,
64,16,3,5398550,3,1048,45,75,10,À48,250,66,3,11,6,2,105,11,4,16,7896 225,778 72,16,7 11,1,95555,36,V 28,"1 2532007
2 2532067
3 2532107
4 2532137
5 2532157",35 44,78931 314825807,,,,,,,,,,,,,,,,,,,,,,,,,,,,,,
65,36,3,3088000,2,169,14,300,48,Á2,1250,5,3,120,41,4,8,5,2,164,55527 10958 ,1144 448,13,14 27,14,10556,110,Z 41,"1 2532007
4 2532083
7 2532113
10 2532157",41 47,101335 315820773,,,,,,,,,,,,,,,,,,,,,,,,,,,,,,
66,45,1,123900,1,395,17,256,36,À76,676,24,5,39,23,2,80,7,4,49,666774 1538,1072 440,23,22 36,35,10047,133,G 34,"1 195193
2 195493
3 195593
4 195893
5 196193",10358 1688,453 3695118,,,,,,,,,,,,,,,,,,,,,,,,,,,,,,
67,25,4,941450,3,953,17,256,50,À7,17576,10,11,31,18,3,96,112,2,22,899954 5195,1296 648,19,18 30,29,96444,280,O 63,355 22088,5765 22703, 4908 134271196,,,,,,,,,,,,,,,,,,,,,,,,,,,,,,
68,20,1,162960,4,967,23,4,90,À42,144,21,7,282,31,3,77,24,3,216,233 2205,1176 640,16,15 25,24,35,13,7 100,262 14888,4717 5538526,218073 1874142240,,,,,,,,,,,,,,,,,,,,,,,,,,,,,,
69,25,2,63325,4,806,92,1,4,Á9,250,9,6,7,51,4,76,114,4,13,37071 63249,1256 472,18,17 28,27,1011,18,K 137,238 4488,"99 14
https://youtu.be/DqXIo7pHk3A",412891 1249650958,,,,,,,,,,,,,,,,,,,,,,,,,,,,,,
70,8,3,301014,3,122,99,3,42,Á14,324,21,4,8,15,1,154,53,2,6,12524 3598,1304 664,16,15 26,25,13001,104,S 153,"6 3
28 5
496 9
8128 13
",4 93,115 1365890,,,,,,,,,,,,,,,,,,,,,,,,,,,,,,
71,35,2,53835,3,217,49,9,144,À2,73,39,2,33,18,2,144,7,2,7971615,290 1936,1021 222,18,17 29,28,12,169,S 4500,2362,"210 2000251
https://youtu.be/1sTNUjverpE",14 99989,,,,,,,,,,,,,,,,,,,,,,,,,,,,,,
72,8,1,250150,1,921,53,36,5,Á9,376,51,3,66,36,4,24,5,4,3702,20865 89997,967 25,22,21 35,34,248,90,"2 3
7 3
7 3
5 3",2310 5,8601 28,17 70416562,,,,,,,,,,,,,,,,,,,,,,,,,,,,,,
73,5,4,140150,3,639,91,27,4,Á4,513,12,1,21,76,1,28,7,3,812,5272 99879,811 201,19,18 31,30,105,124,"W 4
0 4
7 4",4953,8 338,19437 50211537,,,,,,,,,,,,,,,,,,,,,,,,,,,,,,
74,13,1,332,4,298,105,"8
https://youtu.be/YlHKZ9uQSUY",3,Á13,487,17,20,15,46,2,33,11,2,136,16734 29874,785 176,21,20 34,33,120,558,"9 5
N 5",22567,8 324,21 51023,,,,,,,,,,,,,,,,,,,,,,,,,,,,,,
75,17,2,ÃÀËÊÈÍ,1,780,10,4,2,3,144,11,3,28,57,4,30,13,3,32768,4 59049,100 77,8,3,21,288,40,"S 6
P 6
C 6","1024
2048
4096
8192
16384",23 44662,185 329329,,,,,,,,,,,,,,,,,,,,,,,,,,,,,,
76,50,62,ÊÓËÈÊÎÂ,4,920,14,32,9,15,72,20,4,111,22,2,24,11,1,126,9069 505554,13 18,9,2,23,59,43,"K 7
5 7
N 7
Q 7","220 284
1184 1210
2620 2924
5020 5564
6232 6368
10744 10856
12285 14595
17296 18416",1544 100,27 833306999,,,,,,,,,,,,,,,,,,,,,,,,,,,,,,
77,20,63,4166,2,9492,101,32,6,Á13,360,16,9,7,17,3,30,17,4,81,1248 151000,58,9,1,26,106,175,159,2262,36 25,2257416 1254402115,,,,,,,,,,,,,,,,,,,,,,,,,,,,,,
78,22,127,1060,3,3969,120,2,5,Á4,130,14,20,81,36,1,30,3,20,1092,121 76540,66,11,3,30,109,120,166,17984,"59 290
https://youtu.be/y7N-5jX99X0?t=14195",85 99887,,,,,,,,,,,,,,,,,,,,,,,,,,,,,,
79,20,4,822,4,9810,15,64,8,100,86,5372,24,70,208,2,25,100,40,852,455 9721,81,5,9 17,16,120,34,75,255203,2261 5087,337 148613,,,,,,,,,,,,,,,,,,,,,,,,,,,,,,
80,14,251,2810,2,9806,28,16,60,140,157,80,75,116,18,4,8,34,4,732,11 27648,104,7,6 11,10,117,71,82,9699690 8,9990 4902,66453 69995639,,,,,,,,,,,,,,,,,,,,,,,,,,,,,,
81,21,255,779,3,1397,5,256,3,,1409,70,8,84,26,4,7,42,2,131,5 1935360,82,8,14 27,26,125,20,74,"2
4
16
64
4096
65536
262144",8330 122,57711 69992230,,,,,,,,,,,,,,,,,,,,,,,,,,,,,,
82,17,63,149040,3,187,19,150,5,,2497,42,12,47,30,2,11,2,3,12,10334 99972,46,13,24 47,46,108,44,77,"300
304
306
308
312
318
320
324
330
336
340
342
348
350",15 1467,67645 69976583,,,,,,,,,,,,,,,,,,,,,,,,,,,,,,
83,25,61,26835,4,296,4,4248,4,,4036,15,11,30,440,5,11,10,2,16,19 9612,33,7,18 53,52,128,355,124,494,17 8437,4411 132016215,,,,,,,,,,,,,,,,,,,,,,,,,,,,,,
84,18,127,38349,3,33,68,128,10,,4053,23,17,7,7,2,10,10,1,15,453 10010,29,8,21 62,61,32,110,65,"28 1152
28 1512
28 2016
42 40824",95001876 1010,7 38,,,,,,,,,,,,,,,,,,,,,,,,,,,,,,
85,11,125,140060,3,56,23,64,15,,19,30,18,60,3,7,8,14,4,5,358 24990,949 1945,4,7 18,9,1040,42,67,25,17384 5090,13880 251219,,,,,,,,,,,,,,,,,,,,,,,,,,,,,,
86,7,252,66270,3,6,94,178,72,,2967,28,9,34,219,11,27,11,1,26,393 24988,2186 1029,11,7 13,4,1004,60,54,124478618,190 129,15218 253665,,,,,,,,,,,,,,,,,,,,,,,,,,,,,,
87,25,253,66950,00,4,280,512,48,,2963,18,4,8,6,17,21,13,4,7681,335 6904,2343 1140,9,8 14,10 13,123,68,7642289,177084,1487 9980,15406 256483,,,,,,,,,,,,,,,,,,,,,,,,,,,,,,
88,22,4,9,2,26,147,5,24,,1,23,1,159,4096,19,161,7,18,1288,193 75180,879 2148,8,5 6,4,6094,75,123,14312,28130320 22,11527919 168873874,,,,,,,,,,,,,,,,,,,,,,,,,,,,,,
89,25,8,37199,4,31,-209,8,16,,2,17,9,0,87,13,5,1024,640,201,565701 7654318,180 2157,15,14 27,24,3599,180,54476,20183,331 10,7415112 53631,,,,,,,,,,,,,,,,,,,,,,,,,,,,,,
90,30,251,32513,2,28,-220,512,20,,12,8,,6,2175,41,14,2017,12,448,2524659 157,2130 181,17,3,33,225,210,888,21891,39434611 48825239,7376668 166798285,,,,,,,,,,,,,,,,,,,,,,,,,,,,,,
91,32,256,3850,1,25,301,512,4,,78,13,,9,528,23,24,2015,231,893,51950 25,8028,24,2,8 22,210,45,577331,377,4937 42595,6597803 168674858,,,,,,,,,,,,,,,,,,,,,,,,,,,,,,
92,28,0,18,3,47,375,1,20,,72,10,,13,916132832,6,9,2013,13,5101,3558 6,1160 2780,10,4,4 47,9,234,4444,18830053,7 3860,4710 7368,,,,,,,,,,,,,,,,,,,,,,,,,,,,,,
93,26,64,1031175,3,102,2,11,2,,504,11,,55,13,13,13,5432,96,32804,20976 38,2582 15857,2,1 29,3,17,2196,3,13950,16 1692,20139 38739,,,,,,,,,,,,,,,,,,,,,,,,,,,,,,
94,67,128,1142493,3,120,3,24,,,480,7,,55,7,15,5,3038,17,59102,536760 108,124 59,3,2 30,14,28,1873,7,58326,9988 2408,97 823,,,,,,,,,,,,,,,,,,,,,,,,,,,,,,
95,ÁÂÃÅÆ,64,308,2,132,67,32,,,3720,20,,20,52,3,14,2010,12,9,18 4795,738 349,21,11 20,10,82,63,8,10335599,14 3036,1068 3275835,,,,,,,,,,,,,,,,,,,,,,,,,,,,,,
96,ÁÀÃÄÅÆ,0,1610,3,154,250,32,,,3600,2453,,32,66,1,7,909,120,450,114 991,740 353,33,17 32,16,244,156,7,"17  4913
19 6859",-162 31,497239 4282001,,,,,,,,,,,,,,,,,,,,,,,,,,,,,,
97,ÁÀÂÄÃÅÆ,120,1871,00,184,256,2114,,,92,452,,29,81,4,24,3564,7,209,14 2815,716 338,27,14 26,13,626,96,6,"142 473759
118 462767
126 464999
118 461969
118 477071",,615 12469952,,,,,,,,,,,,,,,,,,,,,,,,,,,,,,
98,Å,0,158,9,732,383,21102,,,90,685,,5,4000,1,15,9880,4,348,16 3323,734 343,25,9 24,8,258,120,XYZ,"250047 4 9261
273375 5 91125
364500 5 91125
421875 4 15625
455625 5 91125
500094 5 250047",,"13 4780
https://youtu.be/y7N-5jX99X0?t=15793",,,,,,,,,,,,,,,,,,,,,,,,,,,,,,
99,Â,5,1142493,12,30969,67,7389,,,92,803,,15,5152,6,100,1615,2,5073,4369 786426,480 -432,33,11 32,10,33,75,ADEFWXZ,"524160 10 96
540540 10 99
582120 10 99
589680 10 91
637560 10 99",,8 41495,,,,,,,,,,,,,,,,,,,,,,,,,,,,,,
100,Ã,60,23,13,50979,353,26,,,582,195,,22,1388,3,10,6957,1,8508,9 9303,475 -432,20,7 19,6,184,40,3BEHUkvy,"450450 1001
589050 1050
630630 1001",,391 2534979,,,,,,,,,,,,,,,,,,,,,,,,,,,,,,
101,26,14,,26,17,668,36,,,576,57,,21,61184,7,3,2674,4,126,22 969,2405 128,46,16 45,15,110,63,3TWZfgq,14047 190231,,101025 38235097,,,,,,,,,,,,,,,,,,,,,,,,,,,,,,
102,17,39,,36,19,611,88,,,582,625,,17,2544,5,62,22,6,84,4 832,2263 114,8,5 9,16,4,174,DLXipu,14380 268313,,18871 3921243,,,,,,,,,,,,,,,,,,,,,,,,,,,,,,
103,18,16,,20,23,535,4,,,4224,425,,13,456976,11,ÀÁÂÅÆÈÌÍ,101,7,23,25 8943,2405 675,5,8 9,1 7,9,36,7,16200 390088,,12681 2523963,,,,,,,,,,,,,,,,,,,,,,,,,,,,,,
104,35,248,,185,98,28,256,,,4224,577,,49,23,15,ÀÄÃÂÇÊÌÍ,12,2,18,29 896,2263 587,1,77 153,142,90,28,49234,12593 442939,,32 777201,,,,,,,,,,,,,,,,,,,,,,,,,,,,,,
105,ÀÂÆÅÁÃÄ,30,,3,93,410,64,,,4200,446,,0,,"–10, –15",25,13,25,3,206 1984,664 196,61,"112, 120",111,114,53,45718,739 743,,7 202775,,,,,,,,,,,,,,,,,,,,,,,,,,,,,,
106,ÃÂÄÁÀÅÆ,125,,4,82,100,32,,,8,513,,16,,"–25, –5",12,11,10,1,18021 76432,693 155,82,41 81,80,13,21,994,2 342467,,4 306622,,,,,,,,,,,,,,,,,,,,,,,,,,,,,,
107,ÆÂÅÃÀÁÄ,57,,2,8,70,512,,,12,2374,,44,,2,7,1504,23,6,5952 23562,1 19,9,8 14,10 13,79,37,224,15535 176399 ,,4 487,,,,,,,,,,,,,,,,,,,,,,,,,,,,,,
108,ÂÄÁÅÀÃÆ,253,,10110,7,694,4096,,,72,2626,,24,,20,6,541,24,3,1851 35616,51 71,98,43 128,20,39,186,3,16321 315674,,74 8826,,,,,,,,,,,,,,,,,,,,,,,,,,,,,,
109,"ÅÆÃÁÀÄÂ
https://youtu.be/lLVEDvhhtqc",3,,11000,2,531,16,,,144,1194,,3,,2,21,342,9,13,2278 77072,1349 561,211,53 105,96,221,384,8,1710 173231,,89 57211,,,,,,,,,,,,,,,,,,,,,,,,,,,,,,
110,7,4,,25,3,343,128,,,360,1071,,57,,12,18,373,8,41,60 133320,1536 666,,,,71,390,8,2741 309869,,5764 2511986,,,,,,,,,,,,,,,,,,,,,,,,,,,,,,
111,ABCDGH,1,,23,B421,60,2048,,,3120,109,,16,,1,17,443,7,111,2 324,1636 590,,,,271,400,6,2182 293612,,7 574,,,,,,,,,,,,,,,,,,,,,,,,,,,,,,
112,78,4,,20,134,200,150,,,4080,88,,37,,8,20,4400,15,173,8 900,1524 598,,,,384,1157,8,13562 330929,,18 2423,,,,,,,,,,,,,,,,,,,,,,,,,,,,,,
113,63,cab,,010,154,"699
https://youtu.be/wM4mr0IlX3w",3,,,2520,42,,6,,53355,14,324,22,26,803 19082,137 7,,,,510,7,ZYX,569 571,,1200 1486395,,,,,,,,,,,,,,,,,,,,,,,,,,,,,,
114,25,bac,,000,1028,3,128,,,6,56,,10,,22,14,133,25,43,6 60,"145 1188
https://youtu.be/bljvNsPpUOg",,,,785,3,ZYXFEDBA,2 210967,,19 397,,,,,,,,,,,,,,,,,,,,,,,,,,,,,,
115,18,cba,,110,1066,599,1024,,,36,1496,,8,,5355,18,105,18,1,643 1026,4507 3066,,,,614,5,vkgfZN80,4961 497009,,140 73641,,,,,,,,,,,,,,,,,,,,,,,,,,,,,,
116,20,bac,,100,1094,146,3072,,,240,1720,,35,,2288,8,1032,23,25,11572 19044,1849 1534,,,,943,43,xEA541,10013 404258,,149 249464,,,,,,,,,,,,,,,,,,,,,,,,,,,,,,
117,83,abc,,1100,1497,60,64,,,24,229,,68,,5533,12,2023,18,406,72903 10609,1163 1203,,,,280,393,zrqjWRC1,23707 220778,,101 111215,,,,,,,,,,,,,,,,,,,,,,,,,,,,,,
118,24,cba,,0010,1596,27,28,,,84,54,,164,,288,10,5,11,3654,947 3602404,12609,,,,960,11,14,38621 158934,, 8055 1097332,,,,,,,,,,,,,,,,,,,,,,,,,,,,,,
119,34,cab,,11,7030,12,,,,1320,4757,,31,,553,,8,14,23750,82 327429025,1553 2545,,,,605,1,353204,14216 270732,, 70 464,,,,,,,,,,,,,,,,,,,,,,,,,,,,,,
120,10,acb,,110,9363,8,,,,216,787,,38,,88,,897,6,3712,25708 251775,721 640,,,,1044,19,44701,241 325167,,5773 188528728,,,,,,,,,,,,,,,,,,,,,,,,,,,,,,
121,10,yxz,,1100,9616,21,,,,90,754,,18,,553355,,757,42,24552,18058 876157,383 318,,,,17010,27,563,274 318449,,27716 264657904,,,,,,,,,,,,,,,,,,,,,,,,,,,,,,
122,"49
https://www.youtube.com/watch?v=yIw_Wrxb-uk",zxy,,14,9656,124,,,,120,401,,100,,28,,231,90,125787,69374 1120,2534 1336,,,,109,56,993,331 388644,,128822 6201378713,,,,,,,,,,,,,,,,,,,,,,,,,,,,,,
123,10,xzy,,1011,9595,345,,,,420,4490,,29,,53,,8,36,5201982,2 10496,2679 1250,,,,955,34,28,434 81412,,1268077 457260989979,,,,,,,,,,,,,,,,,,,,,,,,,,,,,,
124,28,zxy,,010,3969,7,,,,180,1033,,17,,2288,,8,54,118,19 1020,2569 1028,,,,263,6,29,365 604227,,409 69383,,,,,,,,,,,,,,,,,,,,,,,,,,,,,,
125,17,yxz,,011,1464,8,,,,140,984,,11,,5335,,237,3,23,73 50000,2443 1155,,,,200,881,236815,231 508049,,62 129952,,,,,,,,,,,,,,,,,,,,,,,,,,,,,,
126,22,cba,,101,4979,1024,,,,ÎÓÀÓÓ,1025,,5,,8,,368,21,578,252089 8527,13004,,,,221,40,10,"279841 12167
707281 24389
923521 29791",,,,,,,,,,,,,,,,,,,,,,,,,,,,,,,,
127,18,abc,,000,9956,15,,,,ÜÍÅÅ,1114,,13,,55335,,374,15,358,555 5005,33480,,,,89,18,18,"1874161 50653
2825761 68921
3418801 79507",,,,,,,,,,,,,,,,,,,,,,,,,,,,,,,,
128,20,bac,,1000,9926,33,,,,72,690,,7,,228,,162,12,8388608,3172 12479,1172 1771,,,,980,116,17,"4879681 103823
7890481 148877",,,,,,,,,,,,,,,,,,,,,,,,,,,,,,,,
129,108,bca,,00,9950,29,,,,36,3196,,55,,858,,>,18,24,284 7525,491 2071,,,,255,80,20137,"12117361 205379
13845841 226981
20151121 300763",,,,,,,,,,,,,,,,,,,,,,,,,,,,,,,,
130,14,cab,,10,9464,1122,,,,12,174,,15,,5,,>,16,36,810 15893,1263 2489,,,,24,83,19857,"62742241 704969
88529281 912673",,,,,,,,,,,,,,,,,,,,,,,,,,,,,,,,
131,78,cba,,111,9676,2417,,,,6,133,,9,,338,,<,7,,12990 3630,1204 2562,,,,159,79,40451,"112550881 1092727
131079601 1225043
141158161 1295029",,,,,,,,,,,,,,,,,,,,,,,,,,,,,,,,
132,18,acb,,0110,1194,70,,,,480,184,,11,,388,,<,12,,8654 14828,653 2809,,,,1000,254,75,"260144641 2048383
294499921 2248091
352275361 2571353",,,,,,,,,,,,,,,,,,,,,,,,,,,,,,,,
133,66,yzx,,100,1498,78,,,,144,531,,5,,28,,8,8,,42 5995,702 2869,,,,956,119,75,"373301041 2685619
492884401 3307949
519885601 3442951",,,,,,,,,,,,,,,,,,,,,,,,,,,,,,,,
134,11,yxz,,000,120,2427,,,,72,10,,19,,533555,,0,18,,7285 6391,809 2695,,,,2439,343,31348,"607573201 3869893
705911761 4330747",,,,,,,,,,,,,,,,,,,,,,,,,,,,,,,,
135,118,wxzy,,1000,5,202195,,,,24,41,,24,,555,,12,42,,1843 9253,1063 124,,,,216,33,2198,"405405 135135 
530145 176715 
592515 197505 
626535 208845",,,,,,,,,,,,,,,,,,,,,,,,,,,,,,,,
136,,zwyx,,1010,13,12,,,,446,42,,24,,2266222,,4,285,,18979,43,,,,6561,82,7626,"30030 13
39270 17
43890 19
46410 17",,,,,,,,,,,,,,,,,,,,,,,,,,,,,,,,
137,,wyzx,,0000,2,99,,,,888,26,,12,,66,,3,102,,419 4571,2483 1157,,,,15,20,482,"540540 780
619344 828
637560 840
752400 912
865800 975
889200 988",,,,,,,,,,,,,,,,,,,,,,,,,,,,,,,,
138,,ywzx,,0001,126,2315,,,,1026,290,,29,,226622,,343,3,,15720,2628 1659,,,,19,128,470,"1113840 1105
1179360 1134
1208844 1148
1422720 1248
1499400 1275",,,,,,,,,,,,,,,,,,,,,,,,,,,,,,,,
139,,wxzy,,14,156,124,,,,446,2713,,211,,6,,3,18,,8522 14652,2174 1415,,,,7,4096,48,"2053440 1488
2098080 1504
2328480 1584
2620800 1680
2638944 1683
2692800 1700",,,,,,,,,,,,,,,,,,,,,,,,,,,,,,,,
140,,xwzy,,13,78,70,,,,1866,746,,125,,26222,,100,9,,6 4715,706 636,,,,5,43,433,"887339 937
944759 967
1028171 1009
1052651 1021",,,,,,,,,,,,,,,,,,,,,,,,,,,,,,,,
141,,xzwy,,15,17,115,,,,1558,421,,53,,2266,,E,25,,7062 4411,-895 844,,,,69,86,757,"1040399 1021
1065023 1033
1102499 1051
1127843 1063",,,,,,,,,,,,,,,,,,,,,,,,,,,,,,,,
142,,zwyx,,12,13,425,,,,2004,1167,,141,,266,,6,3,,1425 7847,-496 971,,,,127,252,784,"867989 983
936461 1019",,,,,,,,,,,,,,,,,,,,,,,,,,,,,,,,
143,,xzyw,,111,15,23,,,,41984,313,,47,,2666,,5,1,,20510,1232 3,,,,170,228,59,"39799 37
39979 37
39989 38
48799 37
48889 37
48989 38
49789 37
49999 40",,,,,,,,,,,,,,,,,,,,,,,,,,,,,,,,
144,,yzxw,,5,29,22,,,,30618,264,,39,,2262,,1000,16,,35 45489,-860 5,,,,23,176,2087,"38086 278
44998 302
53332 268",,,,,,,,,,,,,,,,,,,,,,,,,,,,,,,,
145,,ywzx,,5,95,60,,,,12825,9,,23,,266,,1210,3,,19086 225593,2756 1765,,,,41,32768,18,"1112221 2
1122220 22
1212112 38
1221121 6
1222210 30",,,,,,,,,,,,,,,,,,,,,,,,,,,,,,,,
146,,yxz,,8,141,24,,,,15360,12,,15,,447744,,14,7,,58800 420,,,,,367,3555,26,"100224482 7079
100905218 7103",,,,,,,,,,,,,,,,,,,,,,,,,,,,,,,,
147,,zxy,,6,111,30,,,,12825,4,,6,,77,,20,32,,1409 9965,,,,,33,820,L1567,"103018658 7177
103305938 7187
103478498 7193
103881698 7207
103997042 7211",,,,,,,,,,,,,,,,,,,,,,,,,,,,,,,,
148,,zyx,,6,11,360,,,,3942,255,,18,,4477444,,8,96,,1379 1213,,,,,114,973,U1618,"113010578 7517
113191058 7523
113371682 7529
113612738 7537
113733362 7541
113914418 7547
113974802 7549",,,,,,,,,,,,,,,,,,,,,,,,,,,,,,,,
149,,zyx,,22,17,89,,,,656,3,,25,,777,,12,160,,1373 16135,,,,,97333,377,X73,"55383364 13845841
56796482 28398241
58492928 28561
59105344 923521
59969536 14641
59973152 1874161",,,,,,,,,,,,,,,,,,,,,,,,,,,,,,,,
150,,xzy,,23,21,4,,,,144,2707,,582,,7744,,16,8,,2510 -19677 ,,,,,629,16,T72,"109401632 3418801 
110766728 13845841 
112550881 112550881 
113592964 28398241",,,,,,,,,,,,,,,,,,,,,,,,,,,,,,,,
151,,zxy,,25,65,128,,,,108,1644,,115,,44,,9,32,,587 -9996 ,,,,,393,229635,1521,"78074896 4879681
78675968 2401
80604484 20151121
81920000 625
84934656 81",,,,,,,,,,,,,,,,,,,,,,,,,,,,,,,,
152,,xyz,,25,86,430,,,,324,2960,,85,,44774,,5,68,,252 9971,,,,,502,3861,19351,"63123848 7890481 
66724352 130321 
71639296 279841",,,,,,,,,,,,,,,,,,,,,,,,,,,,,,,,
153,,yzx,,28,134,223334511,,,,432,120,,47,,447,,13,66,,5012 8 ,,,,,65,8,5,2095133040 19,,,,,,,,,,,,,,,,,,,,,,,,,,,,,,,,
154,,xyz,,37,19,223334844,,,,720,2585,,16,,77,,25,74,,3316 2,,,,,16,25,139,551350800 17,,,,,,,,,,,,,,,,,,,,,,,,,,,,,,,,
155,,yzx,,20,25,377763341,,,,9373,2511,,4,,47,,4,60,,3316 8125,,,,,13,493,7,810810000 13,,,,,,,,,,,,,,,,,,,,,,,,,,,,,,,,
156,,xzy,,"5
https://youtu.be/eBUhLCxsPzo",35,377763840,,,,480,893,,22,,39,,5,30,,9 26 ,,,,,13437,378,3703,341510400 11,,,,,,,,,,,,,,,,,,,,,,,,,,,,,,,,
157,,xywz,,011,71,464708149,,,,1296,3,,21,,9933,,17,108,,3 7783,,,,,132,371,E1577,17297280 13,,,,,,,,,,,,,,,,,,,,,,,,,,,,,,,,
158,,yxzw,,1100,78,464708748,,,,2880,1549,,34,,3,,38,95,,7 2 ,,,,,174,362,X1560,"700000 72
700128 144
702000 160
702240 192
720720 240",,,,,,,,,,,,,,,,,,,,,,,,,,,,,,,,
159,,zwxy,,11,105,178086434,,,,5184,2203,,11,,993,,37,79,,140 17031,,,,,101,220,W1608,"702122 4
702123 8
702124 12
702125 16
702126 24",,,,,,,,,,,,,,,,,,,,,,,,,,,,,,,,
160,,yxz,,13,138,178086833,,,,504,104,,5,,3999,,38,8,,359 115022,,,,,213,825,V38429,"29 9999971
27 9999973
9 9999991
19 10000019
79 10000079
103 10000103",,,,,,,,,,,,,,,,,,,,,,,,,,,,,,,,
161,,zxy,,15,56,360906418,,,,1008,133,,3,,33,,35,12,,1971 9702,,,,,1295,292,C38412,"181398528 21
201326592 27
229582512 19
254803968 25",,,,,,,,,,,,,,,,,,,,,,,,,,,,,,,,
162,,yzx,,001,72,360906918,,,,1008,1820,,2,,45,,14,20,,179 -9107,,,,,380,1545,W38473,"153055008 19
169869312 25
214990848 23
272097792 21",,,,,,,,,,,,,,,,,,,,,,,,,,,,,,,,
163,,yxz,,11,416,253427205,,,,1008,423,,7,,4,,13,13,,126 15701,,,,,60,229,B38617,"125000000 15
131072000 23
195312500 13
204800000 21",,,,,,,,,,,,,,,,,,,,,,,,,,,,,,,,
164,,wxzy,,18,352,253427772,,,,840,43,,44,,455,,42,47,,153 19285,,,,,5659,478,Z36493,"128000000 19
134217728 27
200000000 17
209715200 25",,,,,,,,,,,,,,,,,,,,,,,,,,,,,,,,
165,,zwyx,,1,928,858,,,,5880,13,,22,,453,,41,13,,119 -7213,,,,,59,260,K36582,"117440512 25
161414428 11
210827008 15
275365888 19",,,,,,,,,,,,,,,,,,,,,,,,,,,,,,,,
166,,wyzx,,22,112,715,,,,35280,15,,18,,365,,12,34,,832 460,,,,,582,735,916,"102760448 23
134217728 27
184473632 13
240945152 17",,,,,,,,,,,,,,,,,,,,,,,,,,,,,,,,
167,,ywzx,,28,144,625,,,,168,553,,16,,33,,13,3,,604 26324,,,,,2631,407,974,"360653 360749
370261 370373
396733 396833
492113 492227
604073 604171
838249 838349
860143 860239
927869 927961",,,,,,,,,,,,,,,,,,,,,,,,,,,,,,,,
168,,wxzy,,15,960,500,,,,1161,1035,,105,,43,,14,44,,181 -31478,,,,,300,917,"6
https://youtu.be/qSvL8y8UOAI","150016 150745
150024 310775
150048 277469
150108 250403
150139 13660
150144 290495
150146 81273",,,,,,,,,,,,,,,,,,,,,,,,,,,,,,,,
169,,xwzy,,21,800,375,,,,1456,76,,81,,464,,11,48,,445 9738,,,,,10,28,66,"250003 19244
250015 1649
250028 62509
250059 170
250062 663",,,,,,,,,,,,,,,,,,,,,,,,,,,,,,,,
170,,xzwy,,11100010,1472,945,,,,1456,,,12,,564,,12,7,,8649 97979,,,,,57,103,69,"350015 69998
350017 8496
350036 175016
350073 116688
350082 175039
350128 175062",,,,,,,,,,,,,,,,,,,,,,,,,,,,,,,,
171,,zwyx,,10001000,134,721,,,,4325,,,31,,5665,,9,2,,31 1081,,,,,15728640,812266767,51,"450006 417
450038 5231
450047 2650
450051 736",,,,,,,,,,,,,,,,,,,,,,,,,,,,,,,,
172,,xzyw,,11010111,107,873,,,,23625,,,89,,365,,4,26,,6681 23686,,,,,261120,14200552,53,"550032 28285
550040 49117
550046 28905
550050 19419
550066 35725",,,,,,,,,,,,,,,,,,,,,,,,,,,,,,,,
173,,yzxw,,10101000,90,1304,,,,"96
https://youtu.be/FNgWPMyhzlE",,,6,,52774,,26,8,,247 5706,,,,,1771568,43413100,2278,"650090 60
650153 282
650155 3945
650208 134",,,,,,,,,,,,,,,,,,,,,,,,,,,,,,,,
174,,ywzx,,01100101,11,1392,,,,"6400
https://youtu.be/g5eNDs3PiOc",,,4,,152,,18,20,,502 1305,,,,,32000000,287794240,355 119624,5681 4988,,,,,,,,,,,,,,,,,,,,,,,,,,,,,,,,
175,,yzx,,11000101,146,679,,,,231,,,158,,1,,30,10,,388 9727,,,,,348000,36253635,946,38048 9999972,,,,,,,,,,,,,,,,,,,,,,,,,,,,,,,,
176,,yxz,,01110110,63,22,,,,1125,,,536,,16,,21,2,,1189 460004,,,,,138,1243550,5267,"250196 62549
250314 41719
250374 41729
250442 125219
250554 41759",,,,,,,,,,,,,,,,,,,,,,,,,,,,,,,,
177,,xzy,,000101100,176,81,,,,840,,,101,,447,,8,32,,9009 10,,,,,6002,238,2940,"704969 7921
571787 6889
493039 6241
389017 5329
357911 5041",,,,,,,,,,,,,,,,,,,,,,,,,,,,,,,,
178,,yxz,,1100011,161,30,,,,2882,,,58,,561,,3,1,,531 10774,,,,,345,65,8,"500002 178
500004 18
500016 48
500018 58
500020 4348",,,,,,,,,,,,,,,,,,,,,,,,,,,,,,,,
179,,zxy,,20,136,9381,,,,5115,,,35,,147,,3,43,,13 1287,,,,,431,24297,C6347,"800120 400062
800253 266754
800273 21666
800375 160080
800396 400200",,,,,,,,,,,,,,,,,,,,,,,,,,,,,,,,
180,,yzx,,21,103,40960000,,,,1545,,,14,,186,,8,23,,43 9653,,,,,218,3029,2504,"520211 16781
520993 47363
521653 47423
521947 16837
522077 22699",,,,,,,,,,,,,,,,,,,,,,,,,,,,,,,,
181,,xyz,,0100,35,81,,,,360,,,140,,163,,7,20,,337 10802,,,,,395,38,353,"912912 133
912951 153
913198 103
913353 183
913767 123",,,,,,,,,,,,,,,,,,,,,,,,,,,,,,,,
182,,yxz,,0111000101,78,49,,,,195,,,683,,5355,,6,5,,8515 126,,,,,5609,14,403,"32 3010349
38 54018521
42 370248451",,,,,,,,,,,,,,,,,,,,,,,,,,,,,,,,
183,,yzx,,010111011,52,38,,,,2,,,67,,13,,9,10,,74452 12,,,,,1462,60,432,"5000211 171
5000211 171
391391 23
122124411 227
1712421 81",,,,,,,,,,,,,,,,,,,,,,,,,,,,,,,,
184,,ywzx,,1100001,238,22,,,,104,,,15,,77,,11,6,,38 163,,,,,127,191,483,"26222031 199
2481831 53
303831 33
1274931 59
143483131 121",,,,,,,,,,,,,,,,,,,,,,,,,,,,,,,,
185,,yzwx,,11001101,143,-63,,,,35,,,148,,722,,6,9,,16 159,,,,,411,656,550,"782217 37
166617 33
2880117 93
74874717 111
725517 53",,,,,,,,,,,,,,,,,,,,,,,,,,,,,,,,
186,,yzx,,10011101,45,,,,,6075,,,54,,22,,7,53,,1 40,,,,,187,39,89,"56401891 139
74342691 1259
149721291 531
375291 37
267817291 203",,,,,,,,,,,,,,,,,,,,,,,,,,,,,,,,
187,,ywxz,,01000011,63,,,,,24064,,,42,,111,,8,10,,16 1548,,,,,60,126798,284,"67270
50964
63860
45074
21886",,,,,,,,,,,,,,,,,,,,,,,,,,,,,,,,
188,,zwyx,,1001011,85,,,,,1593,,,71,,33,,9,2,,8 1060,,,,,106,7,208,"7112
56112
22112
92112
23112",,,,,,,,,,,,,,,,,,,,,,,,,,,,,,,,
189,,xzyw,,1000011101,158,,,,,4864,,,5,,7,,11,11,,91 2627,,,,,83,851,90,"2014799
792131
7500457
273059
4444861",,,,,,,,,,,,,,,,,,,,,,,,,,,,,,,,
190,,yzwx,,1000111001,39,,,,,648,,,28,,"67,33",,12,3,,9 63,,,,,4915200,181,26,"6007401
8940100
2582449
8300161
2105401",,,,,,,,,,,,,,,,,,,,,,,,,,,,,,,,
191,,yxwz,,01011000,43,,,,,2187,,,31,,"68,22",,7,4,,5 57,,,,,0,121,597,"2772677
8750777
7501777
3377771
7772735",,,,,,,,,,,,,,,,,,,,,,,,,,,,,,,,
192,,xwyz,,13453,40,,,,,1078,,,26,,887,,4,6,,54 138,,,,,65535,60,1118,"2569999
467999
2444457
4457789
4446677",,,,,,,,,,,,,,,,,,,,,,,,,,,,,,,,
193,,yzxw,,27044,88,,,,,1562,,,265,,8888,,504,5,,25 1773,,,,,97,865,504,"34 10
2962963 14
1793722 30
21052632 62
754717 14",,,,,,,,,,,,,,,,,,,,,,,,,,,,,,,,
194,,yzwx,,161161,98,,,,,44,,,21,,167,,519,6,,14 6268,,,,,3,616,245,"3 6
268 10
5 6
15789474 46
21428572 30",,,,,,,,,,,,,,,,,,,,,,,,,,,,,,,,
195,,wyzx,,4505,48,,,,,792,,,320,,159,,16,4,,30 1027,,,,,135,1565,94,"41666666 30
116198 14
15151515 94
1996 10
2 6",,,,,,,,,,,,,,,,,,,,,,,,,,,,,,,,
196,,xwyz,,45,68,,,,,60,,,18,,3321,,24,7,,370 209813,,,,,45,793,177,"4 6
1181 6
8333333 22
2173913 14
1369863 46",,,,,,,,,,,,,,,,,,,,,,,,,,,,,,,,
197,,xwzy,,20,80,,,,,1059,,,151,,22,,227,5,,227 169,,,,,95,12998,28,"4 7
405954 23
13636364 23
10344828 47
118 7",,,,,,,,,,,,,,,,,,,,,,,,,,,,,,,,
198,,"wzyx
https://youtu.be/D62btddgPQ8 ",,25,108,,,,,35,,,45,,3221,,4032,18,,243 25552,,,,,20,113,20,"22 7
2222222 23
2 5
29994 15
46 7",,,,,,,,,,,,,,,,,,,,,,,,,,,,,,,,
199,,yxzw,,14,126,,,,,70,,,15,,332211,,31,20,,7 12441,,,,,24,27,16,"48391 14
42123 15
5 6
5101 11
113443 14",,,,,,,,,,,,,,,,,,,,,,,,,,,,,,,,
200,,zwyx,,0100,116,,,,,165,,,262,,21,,185,32,,11 14934,,,,,25044157,52,110,"1297 6
12283 11
6521739 15
5809 7
9090909 62",,,,,,,,,,,,,,,,,,,,,,,,,,,,,,,,
201,,yxz,,42,114,,,,,11628,,,56,,1122,,111,50,,94 18841,,,,,88379977,1264,12,"965 6
2756 6
14960 9
5285 9
9380 7",,,,,,,,,,,,,,,,,,,,,,,,,,,,,,,,
202,,wzyx,,14,102,,,,,72,,,22,,313,,12,9,,18 14769,,,,,1782284309,69408,962,"4328 6
9620 10
40166 11
1736 5
39032 15",,,,,,,,,,,,,,,,,,,,,,,,,,,,,,,,
203,,zwyx,,,92,,,,,480,,,80,,332113,,8,7,,2 4961,,,,,203569459,4912,252776,"8868 12
26 9
2 6
60 12
48 11",,,,,,,,,,,,,,,,,,,,,,,,,,,,,,,,
204,,yzwx,,,86,,,,,6480,,,26,,1,,59,60,,206 23427,,,,,138358914,40,1310,"1195 11
39 8
5 5
5 6
9999 16",,,,,,,,,,,,,,,,,,,,,,,,,,,,,,,,
205,,wzyx,,,12,,,,,405,,,23,,3211,,87,95,,69 17534,,,,,15291733,74,229,"923040329
926000629
932141239
934101439
961212169",,,,,,,,,,,,,,,,,,,,,,,,,,,,,,,,
206,,dabc,,,19,,,,,6860,,,12,,2,,198,3,,235 19105,,,,,198620506,1440,64,"113456759 6673927
133456749 7850397
153456739 9026867
173456729 10203337
193456719 11379807",,,,,,,,,,,,,,,,,,,,,,,,,,,,,,,,
207,,bdca,,,24,,,,,1800,,,245,,11222,,97,2,,71 17664,,,,,113595517,376,66,"12325677 72933
12385672 73288
123165679 728791
123225674 729146
123515678 730862
123575673 731217
123865677 732933
123925672 733288",,,,,,,,,,,,,,,,,,,,,,,,,,,,,,,,
208,,cab,,,8,,,,,9000,,,110,,12,,68,8,,34 15806,,,,,621407125,36,2502,"122145 2395
122451 2401
124542 2442
124593 2443
127245 2495",,,,,,,,,,,,,,,,,,,,,,,,,,,,,,,,
209,,bca,,,19,,,,,12240,,,219,,222,,72,48,,12 17219,,,,,446597614,1025,16,"131071 131072
262139 262144
262147 262144
524287 524288
1048571 1048576",,,,,,,,,,,,,,,,,,,,,,,,,,,,,,,,
210,,3,,,14,,,,,3360,,,82,,717,,5,50,,7515 19789,,,,,52218657,34,47,"1384741358 692370679
1611748138 805874069
1725251528 215656441
1921302838 960651419
1952258308 488064577",,,,,,,,,,,,,,,,,,,,,,,,,,,,,,,,
211,,12,,,117,,,,,84,,,157,,123,,8,15,,202 6916,,,,,298977463,30,81,"8555171053 70703893
6407666925 52955925
5065538797 41863957",,,,,,,,,,,,,,,,,,,,,,,,,,,,,,,,
212,,4,,,994,,,,,15120,,,5435,,63,,14,5,,150 6669,,,,,9788,,202,"132587371194 712835329
119702862522 643563777
106818353850 574292225",,,,,,,,,,,,,,,,,,,,,,,,,,,,,,,,
213,,zywx,,,309,,,,,3120,,,1,,84,,36,57,,21 17631,,,,,479,,297,"30299072 398672
26106304 343504
21913536 288336",,,,,,,,,,,,,,,,,,,,,,,,,,,,,,,,
214,,cdab,,,540,,,,,68,,,26,,54,,13,47,,6 4519,,,,,853,,202,"4095 91
2745 61",,,,,,,,,,,,,,,,,,,,,,,,,,,,,,,,
215,,cadb,,,4,,,,,1025,,,21,,107,,20,4,,881 18941,,,,,8959,,183,"170200 1150
128464 868
126244 853",,,,,,,,,,,,,,,,,,,,,,,,,,,,,,,,
216,,cadb,,,0,,,,,17664,,,8,,41,,5,251,,1460 19378,,,,,449,,182,"123450668 7261804
123451688 7261864
123456618 7262154
123457638 7262214
123458658 7262274
123459678 7262334",,,,,,,,,,,,,,,,,,,,,,,,,,,,,,,,
217,,bacd,,,7,,,,,4704,,,214,,42,,6,123,,177 9788,,,,,3597,,165,"18958656 12
1939958656 40",,,,,,,,,,,,,,,,,,,,,,,,,,,,,,,,
218,,wzyx,,,12,,,,,1526,,,164,,37,,7,4,,14 9500,,,,,9079,,165,"39458583 15
39458673 17",,,,,,,,,,,,,,,,,,,,,,,,,,,,,,,,
219,,yzwx,,,6,,,,,1215,,,,,82,,8,32,,86 10184,,,,,8978,,164,"2367803 22129
2371987 23029
2378503 22229
2382287 229
2386529 23629",,,,,,,,,,,,,,,,,,,,,,,,,,,,,,,,
220,,yzwx,,,2,,,,,5008,,,,,92,,9,3,,5034 9788,,,,,70,,5,"3850784 17191
3851246 1151
3851324 191
3851834 275131
3852254 275161",,,,,,,,,,,,,,,,,,,,,,,,,,,,,,,,
221,,yxwz,,,15,,,,,604,,,,,48,,"0 - 26,1 - 2, 2 – 1",8,,3052 9316,,,,,122,,58,"4679042 397
4679733 36277
4680214 30391
4680309 3257
4680873 1297",,,,,,,,,,,,,,,,,,,,,,,,,,,,,,,,
222,,zxwy,,,9,,,,,12570,,,,,4,,"0 - 20,1 - 2, 2 - 1",56,,225 2639,,,,,50,,13,"1538 3
3992 9
6450 27
8912 63
11378 3",,,,,,,,,,,,,,,,,,,,,,,,,,,,,,,,
223,,zxy,,,25,,,,,2400,,,,,5,,"0 - 3,1 - 2, 
2 - 2, 3 - 0,
4 - 66",2,,827 2378,,,,,140,,69,"6752 15
31250 35
55752 27
80258 9
104768 27",,,,,,,,,,,,,,,,,,,,,,,,,,,,,,,,
224,,xzwy,,,43,,,,,129,,,,,8,,"0 - 1, 1 - 0,
2 - 0, 3 - 1,
4 - 1, 5 – 2, 6 - 66",58,,1304 2378,,,,,124,,72,"6450 27
83912 27
161378 9
238848 105
316322 9",,,,,,,,,,,,,,,,,,,,,,,,,,,,,,,,
225,,zwyx,,,53,,,,,1744,,,,,11,,"0 - 51, 1 - 4, 2 - 0, 3 - 0, 4 - 4",8,,231 2378,,,,,30,,,"22792 81
144450 81
266112 27
387778 9
509448 27",,,,,,,,,,,,,,,,,,,,,,,,,,,,,,,,
226,,yxz,,,32,,,,,586,,,,,16,,"0 - 149, 
1 - 4, 2 - 0, 3 - 0,4 - 2, 
5 - 0, 6 - 0",24,,550 2378,,,,,224,,,"12579 599
123459 5879
134589 6409
1234569 58789
1356789 64609",,,,,,,,,,,,,,,,,,,,,,,,,,,,,,,,
227,,bdca,,,41,,,,,896,,,,,9,,"0 - 81, 1 - 1, 2 - 3, 3 - 3",32,,8743 28715,,,,,174,,,"2021 43
1991 11
1969 11
1963 13
1961 37",,,,,,,,,,,,,,,,,,,,,,,,,,,,,,,,
228,,wzyx,,,47,,,,,180,,,,,10,,"0 - 502, 
1 - 1, 2 - 1, 3 - 0,  
4 - 55",96,,6151 18891,,,,,762,,,"20222009 4111
20221973 661
20221967 2293
20221939 2579
20221933 823",,,,,,,,,,,,,,,,,,,,,,,,,,,,,,,,
229,,zxyw,,,13,,,,,466456,,,,,19,,14,1,,498 16198,,,,,1072,,,"121332131 8963
121332097 3347
121332053 1291
121332037 4481
121332031 1741",,,,,,,,,,,,,,,,,,,,,,,,,,,,,,,,
230,,xyzw,,,12,,,,,1572864,,,,,17,,11,65,,2411 17979,,,,,1212,,,"2 1
5 3
6 3
11 5
12 5",,,,,,,,,,,,,,,,,,,,,,,,,,,,,,,,
231,,zyxw,,,"24
https://youtu.be/fvnHYbfNwFo",,,,,2676053,,,,,23,,9,21,,235 15153,,,,,1099,,,"1993 301
1984 299
1966 297
1957 297
1948 295",,,,,,,,,,,,,,,,,,,,,,,,,,,,,,,,
232,,,,,195,,,,,2834352,,,,,34,,9,297,,6115 17979,,,,,86,,,"20122645 1277904
20088310 1275882
20088301 1275882
20054425 1273860
19952792 1267794",,,,,,,,,,,,,,,,,,,,,,,,,,,,,,,,
233,,,,,11,,,,,2624400,,,,,44,,2,8,,2351 17195,,,,,30,,,"50207161 3012780
50171116 3010758
50171107 3010758
50134702 3008736
50027512 3002670",,,,,,,,,,,,,,,,,,,,,,,,,,,,,,,,
234,,,,,13,,,,,288,,,,,101,,4,40,,345 17460,,,,,26,,,"11 39749
9 256757
6 4750003
3 161017
2 4750001",,,,,,,,,,,,,,,,,,,,,,,,,,,,,,,,
235,,,,,32,,,,,96,,,,,110,,407,45,,5020 28715,,,,,47,,,"11 62701
9 6500003
7 201031
2 9750001
1 182243",,,,,,,,,,,,,,,,,,,,,,,,,,,,,,,,
236,,,,,42,,,,,144,,,,,98,,13,62,,1186 28339,,,,,60,,,"21 266099
19 166666673
17 45454547
9 1
3 1",,,,,,,,,,,,,,,,,,,,,,,,,,,,,,,,
237,,,,,50,,,,,0,,,,,276,,138,11,,51 7473,,,,,74,,,"1236 12
2369 23
2678 26
16789 163",,,,,,,,,,,,,,,,,,,,,,,,,,,,,,,,
238,,,,,21,,,,,192,,,,,205,,53,17,,134 4104,,,,,21,,,"1411115947 7411115941
1411116797 4111116797
1411123849 4411123819
1411127227 7411121227
1411128343 3411128341",,,,,,,,,,,,,,,,,,,,,,,,,,,,,,,,
239,,,,,331,,,,,36,,,,,450,,90,22,,134 8155,,,,,29,,,"69750 129792
69752 122080
69756 139536
69758 75152
609750 1103232
609752 1291248
609754 630840",,,,,,,,,,,,,,,,,,,,,,,,,,,,,,,,
240,,,,,68,,,,,24,,,,,465,,77,120,,3617 8416,,,,,24,,,"9995597 18
9996557 12
9997557 12
9998557 17
9999557 0",,,,,,,,,,,,,,,,,,,,,,,,,,,,,,,,
241,,,,,225,,,,,3264,,,,,252,,386,48,,1344 7751,,,,,37,,,"56616 162240
66696 191040
161616 527744
166656 523264
266616 862680
360696 1094400
366576 1083264",,,,,,,,,,,,,,,,,,,,,,,,,,,,,,,,
242,,,,,79,,,,,840,,,,,274,,23,169,,203 7191,,,,,32,,,"1484714 958464
1484931 2336768
1494045 3345408
1494262 964608
1494479 1806336
1494696 306432
1494913 1785088",,,,,,,,,,,,,,,,,,,,,,,,,,,,,,,,
243,,,,,87,,,,,10080,,,,,231,,19,255,,34 11169,,,,,799999999999,,,"101065 48
107525 24
124729 24
177289 48
236555 24
278185 72
365585 24
494615 24",,,,,,,,,,,,,,,,,,,,,,,,,,,,,,,,
244,,,,,103,,,,,6720,,,,,132,,74,256,,9752 19689,,,,,40,,,"68594 133540
69374 133330
69754 132720
69794 134740
71194 135150",,,,,,,,,,,,,,,,,,,,,,,,,,,,,,,,
245,,,,,95,,,,,5040,,,,,213,,4,82,,1445 2447,,,,,71,,,"73584868 1711276
734514863 17081741
735554861 17105927
735894862 17113834
737524863 17151741",,,,,,,,,,,,,,,,,,,,,,,,,,,,,,,,
246,,,,,87,,,,,14108724,,,,,365,,5,16,,7534 19643,,,,,85,,,"100000034 50000017
100000042 50000021
100000094 50000047
100000118 50000059
100000126 50000063",,,,,,,,,,,,,,,,,,,,,,,,,,,,,,,,
247,,,,,63,,,,,13530,,,,,54,,7,101,,147 10849,,,,,13,,,"700024 13
700050 12
700076 20
700089 24
700206 15",,,,,,,,,,,,,,,,,,,,,,,,,,,,,,,,
248,,,,,104,,,,,1590517620,,,,,73,,70,4,,7 11037,,,,,963,,,"1234737 8757
12341307 87527
12342717 87537
12344127 87547
12345537 87557
12346947 87567
12348357 87577
12349767 87587",,,,,,,,,,,,,,,,,,,,,,,,,,,,,,,,
249,,,,,97,,,,,2527,,,,,106,,10,170,,67 11071,,,,,,,,"1234065 7665
12004965 74565
12214265 75865
12294765 76365
12504065 77665
12584565 78165
12874365 79965
12954865 80465",,,,,,,,,,,,,,,,,,,,,,,,,,,,,,,,
250,,,,,67,,,,,5206,,,,,187,,1484,19,,25 10899,,,,,,,,"1234576 16912
12345176 169112
123451176 1691112
123458476 1691212
1234503876 16911012",,,,,,,,,,,,,,,,,,,,,,,,,,,,,,,,
251,,,,,98,,,,,11,,,,,83,,182,57,,182 10816,,,,,,,,"804609 27
815409 27
826281 15
837225 27
855625 15
859329 15",,,,,,,,,,,,,,,,,,,,,,,,,,,,,,,,
252,,,,,76,,,,,14,,,,,140,,403,62,,34 11169,,,,,,,,"1071225 45
1147041 45
1334025 81
1432809 45
1625625 45
1656369 45",,,,,,,,,,,,,,,,,,,,,,,,,,,,,,,,
253,,,,,480,,,,,24,,,,,111,,92,33,,28 11146,,,,,,,,"2030625 19
2099601 23
2205225 11
2480625 7
2614689 11
2772225 37",,,,,,,,,,,,,,,,,,,,,,,,,,,,,,,,
254,,,,,49,,,,,32,,,,,110,,276,124,,15 12582,,,,,,,,,,,,,,,,,,,,,,,,,,,,,,,,,,,,,,,,
255,,,,,225,,,,,159,,,,,145,,6,103,,184 10920,,,,,,,,,,,,,,,,,,,,,,,,,,,,,,,,,,,,,,,,
256,,,,,135,,,,,57344,,,,,106,,7,125,,14 11350,,,,,,,,,,,,,,,,,,,,,,,,,,,,,,,,,,,,,,,,
257,,,,,81,,,,,883,,,,,XX,,23,85,,92 9815,,,,,,,,,,,,,,,,,,,,,,,,,,,,,,,,,,,,,,,,
258,,,,,7,,,,,24,,,,,51,,5,54,,507 268,,,,,,,,,,,,,,,,,,,,,,,,,,,,,,,,,,,,,,,,
259,,,,,58,,,,,150,,,,,22,,32,184,,70 363,,,,,,,,,,,,,,,,,,,,,,,,,,,,,,,,,,,,,,,,
260,,,,,47,,,,,60,,,,,1008,,36,130,,503 10094,,,,,,,,,,,,,,,,,,,,,,,,,,,,,,,,,,,,,,,,
261,,,,,4,,,,,1875,,,,,BA,,16,2,,894 4968,,,,,,,,,,,,,,,,,,,,,,,,,,,,,,,,,,,,,,,,
262,,,,,6,,,,,2961,,,,,12,,33,8,,250 10094,,,,,,,,,,,,,,,,,,,,,,,,,,,,,,,,,,,,,,,,
263,,,,,5,,,,,18944,,,,,43,,31,7,,7225 6834,,,,,,,,,,,,,,,,,,,,,,,,,,,,,,,,,,,,,,,,
264,,,,,3,,,,,1380,,,,,6,,12,12,,3025 10383,,,,,,,,,,,,,,,,,,,,,,,,,,,,,,,,,,,,,,,,
265,,,,,7,,,,,12600,,,,,17,,15,31,,5526 13993,,,,,,,,,,,,,,,,,,,,,,,,,,,,,,,,,,,,,,,,
266,,,,,4,,,,,3428,,,,,18,,31,32,,1041 7903,,,,,,,,,,,,,,,,,,,,,,,,,,,,,,,,,,,,,,,,
267,,,,,65,,,,,,,,,,21,,17,2,,299 13397,,,,,,,,,,,,,,,,,,,,,,,,,,,,,,,,,,,,,,,,
268,,,,,55,,,,,,,,,,7,,16,7,,385 4867,,,,,,,,,,,,,,,,,,,,,,,,,,,,,,,,,,,,,,,,
269,,,,,120,,,,,,,,,,11,,22,8,,41 5182,,,,,,,,,,,,,,,,,,,,,,,,,,,,,,,,,,,,,,,,
270,,,,,1287,,,,,,,,,,17,,3,21,,15 6410,,,,,,,,,,,,,,,,,,,,,,,,,,,,,,,,,,,,,,,,
271,,,,,1858,,,,,,,,,,98,,5,27,,792 -587,,,,,,,,,,,,,,,,,,,,,,,,,,,,,,,,,,,,,,,,
272,,,,,31,,,,,,,,,,201,,1,8,,4440 35,,,,,,,,,,,,,,,,,,,,,,,,,,,,,,,,,,,,,,,,
273,,,,,123,,,,,,,,,,155,,3,23,,8305 -4,,,,,,,,,,,,,,,,,,,,,,,,,,,,,,,,,,,,,,,,
274,,,,,1090909,,,,,,,,,,17,,2,21,,61 -19308,,,,,,,,,,,,,,,,,,,,,,,,,,,,,,,,,,,,,,,,
275,,,,,6080818,,,,,,,,,,101,,4,8,,451 18557,,,,,,,,,,,,,,,,,,,,,,,,,,,,,,,,,,,,,,,,
276,,,,,90909,,,,,,,,,,107,,3,16,,8 1089,,,,,,,,,,,,,,,,,,,,,,,,,,,,,,,,,,,,,,,,
277,,,,,3090909,,,,,,,,,,204,,23,20,,79 1909,,,,,,,,,,,,,,,,,,,,,,,,,,,,,,,,,,,,,,,,
278,,,,,8080818,,,,,,,,,,202,,31,18,,98 2851,,,,,,,,,,,,,,,,,,,,,,,,,,,,,,,,,,,,,,,,
279,,,,,16080808,,,,,,,,,,303,,26,14,,93 1951,,,,,,,,,,,,,,,,,,,,,,,,,,,,,,,,,,,,,,,,
280,,,,,6080818,,,,,,,,,,305,,15,12,,71 553,,,,,,,,,,,,,,,,,,,,,,,,,,,,,,,,,,,,,,,,
281,,,,,1070909,,,,,,,,,,7,,44,22,,24 27600,,,,,,,,,,,,,,,,,,,,,,,,,,,,,,,,,,,,,,,,
282,,,,,23,,,,,,,,,,107,,48,26,,24 17613,,,,,,,,,,,,,,,,,,,,,,,,,,,,,,,,,,,,,,,,
283,,,,,256,,,,,,,,,,101,,17,44,,4 13248,,,,,,,,,,,,,,,,,,,,,,,,,,,,,,,,,,,,,,,,
284,,,,,20,,,,,,,,,,201,,17,39,,3932 9962,,,,,,,,,,,,,,,,,,,,,,,,,,,,,,,,,,,,,,,,
285,,,,,65,,,,,,,,,,203,,33,69,,442 2423,,,,,,,,,,,,,,,,,,,,,,,,,,,,,,,,,,,,,,,,
286,,,,,41,,,,,,,,,,304,,2510,60,,1703 2281,,,,,,,,,,,,,,,,,,,,,,,,,,,,,,,,,,,,,,,,
287,,,,,59,,,,,,,,,,307,,2002,101,,2886 2085,,,,,,,,,,,,,,,,,,,,,,,,,,,,,,,,,,,,,,,,
288,,,,,44,,,,,,,,,,7,,24,121,,3889 145,,,,,,,,,,,,,,,,,,,,,,,,,,,,,,,,,,,,,,,,
289,,,,,39,,,,,,,,,,504,,24,401,,1318 639,,,,,,,,,,,,,,,,,,,,,,,,,,,,,,,,,,,,,,,,
290,,,,,9,,,,,,,,,,311,,127,321,,1664 772,,,,,,,,,,,,,,,,,,,,,,,,,,,,,,,,,,,,,,,,
291,,,,,8,,,,,,,,,,403,,849,136,,748 981,,,,,,,,,,,,,,,,,,,,,,,,,,,,,,,,,,,,,,,,
292,,,,,24,,,,,,,,,,390,,6,81,,266 19410,,,,,,,,,,,,,,,,,,,,,,,,,,,,,,,,,,,,,,,,
293,,,,,238,,,,,,,,,,203,,16,226,,492 1062,,,,,,,,,,,,,,,,,,,,,,,,,,,,,,,,,,,,,,,,
294,,,,,2105,,,,,,,,,,258,,46,122,,119 49,,,,,,,,,,,,,,,,,,,,,,,,,,,,,,,,,,,,,,,,
295,,,,,142,,,,,,,,,,13,,60,106,,605 9612,,,,,,,,,,,,,,,,,,,,,,,,,,,,,,,,,,,,,,,,
296,,,,,91011128,,,,,,,,,,ÒÈÁÎËÈÊ,,60,171,,9989 19893,,,,,,,,,,,,,,,,,,,,,,,,,,,,,,,,,,,,,,,,
297,,,,,1899,,,,,,,,,,ÌÎÍÈÒÎÐ,,86,116,,6344 9740,,,,,,,,,,,,,,,,,,,,,,,,,,,,,,,,,,,,,,,,
298,,,,,120,,,,,,,,,,7777555,,259,31,,4341 9452,,,,,,,,,,,,,,,,,,,,,,,,,,,,,,,,,,,,,,,,
299,,,,,26,,,,,,,,,,5757557575,,298,15,,310 6765,,,,,,,,,,,,,,,,,,,,,,,,,,,,,,,,,,,,,,,,
300,,,,,444,,,,,,,,,,010010,,48,-18,,774 9700,,,,,,,,,,,,,,,,,,,,,,,,,,,,,,,,,,,,,,,,
301,,,,,,,,,,,,,,,32,,282,19,,207 12709,,,,,,,,,,,,,,,,,,,,,,,,,,,,,,,,,,,,,,,,
302,,,,,,,,,,,,,,,53,,304,153,,40 41441,,,,,,,,,,,,,,,,,,,,,,,,,,,,,,,,,,,,,,,,
303,,,,,,,,,,,,,,,26,,2882,-31,,15 30033000,,,,,,,,,,,,,,,,,,,,,,,,,,,,,,,,,,,,,,,,
304,,,,,,,,,,,,,,,28,,5324,89,,13 17500,,,,,,,,,,,,,,,,,,,,,,,,,,,,,,,,,,,,,,,,
305,,,,,,,,,,,,,,,107,,1303,22,,8514 5176,,,,,,,,,,,,,,,,,,,,,,,,,,,,,,,,,,,,,,,,
306,,,,,,,,,,,,,,,11,,902,23,,6 17500,,,,,,,,,,,,,,,,,,,,,,,,,,,,,,,,,,,,,,,,
307,,,,,,,,,,,,,,,33,,5686,14,,10 3507,,,,,,,,,,,,,,,,,,,,,,,,,,,,,,,,,,,,,,,,
308,,,,,,,,,,,,,,,299,,13950,23,,745 19763,,,,,,,,,,,,,,,,,,,,,,,,,,,,,,,,,,,,,,,,
309,,,,,,,,,,,,,,,17,,280,29,,2096 1466,,,,,,,,,,,,,,,,,,,,,,,,,,,,,,,,,,,,,,,,
310,,,,,,,,,,,,,,,2212122,,12642,14,,2504 19763,,,,,,,,,,,,,,,,,,,,,,,,,,,,,,,,,,,,,,,,
311,,,,,,,,,,,,,,,,,15,19,,155 10059,,,,,,,,,,,,,,,,,,,,,,,,,,,,,,,,,,,,,,,,
312,,,,,,,,,,,,,,,,,3000,59,,91 9961,,,,,,,,,,,,,,,,,,,,,,,,,,,,,,,,,,,,,,,,
313,,,,,,,,,,,,,,,,,322122548,35,,1417 1022,,,,,,,,,,,,,,,,,,,,,,,,,,,,,,,,,,,,,,,,
314,,,,,,,,,,,,,,,,,145,82,,172 9815,,,,,,,,,,,,,,,,,,,,,,,,,,,,,,,,,,,,,,,,
315,,,,,,,,,,,,,,,,,83,73,,2105 5211,,,,,,,,,,,,,,,,,,,,,,,,,,,,,,,,,,,,,,,,
316,,,,,,,,,,,,,,,,,8,49,,1093 3148,,,,,,,,,,,,,,,,,,,,,,,,,,,,,,,,,,,,,,,,
317,,,,,,,,,,,,,,,,,47,28,,3098 29764,,,,,,,,,,,,,,,,,,,,,,,,,,,,,,,,,,,,,,,,
318,,,,,,,,,,,,,,,,,3,8,,5305 3148,,,,,,,,,,,,,,,,,,,,,,,,,,,,,,,,,,,,,,,,
319,,,,,,,,,,,,,,,,,7,54,,877 28668,,,,,,,,,,,,,,,,,,,,,,,,,,,,,,,,,,,,,,,,
320,,,,,,,,,,,,,,,,,14,89,,212 9932,,,,,,,,,,,,,,,,,,,,,,,,,,,,,,,,,,,,,,,,
321,,,,,,,,,,,,,,,,,6,18,,74 28571,,,,,,,,,,,,,,,,,,,,,,,,,,,,,,,,,,,,,,,,
322,,,,,,,,,,,,,,,,,8,86,,3151 3850,,,,,,,,,,,,,,,,,,,,,,,,,,,,,,,,,,,,,,,,
323,,,,,,,,,,,,,,,,,7,10,,43 4130,,,,,,,,,,,,,,,,,,,,,,,,,,,,,,,,,,,,,,,,
324,,,,,,,,,,,,,,,,,6,32,,465 5000,,,,,,,,,,,,,,,,,,,,,,,,,,,,,,,,,,,,,,,,
325,,,,,,,,,,,,,,,,,10,14,,46 14694,,,,,,,,,,,,,,,,,,,,,,,,,,,,,,,,,,,,,,,,
326,,,,,,,,,,,,,,,,,740,35,,206 16651,,,,,,,,,,,,,,,,,,,,,,,,,,,,,,,,,,,,,,,,
327,,,,,,,,,,,,,,,,,12,11,,47 26763,,,,,,,,,,,,,,,,,,,,,,,,,,,,,,,,,,,,,,,,
328,,,,,,,,,,,,,,,,,257,119,,78 10945,,,,,,,,,,,,,,,,,,,,,,,,,,,,,,,,,,,,,,,,
329,,,,,,,,,,,,,,,,,1092,16,,96 13398,,,,,,,,,,,,,,,,,,,,,,,,,,,,,,,,,,,,,,,,
330,,,,,,,,,,,,,,,,,3,11,,10 3483,,,,,,,,,,,,,,,,,,,,,,,,,,,,,,,,,,,,,,,,
331,,,,,,,,,,,,,,,,,175,31,,25 5750,,,,,,,,,,,,,,,,,,,,,,,,,,,,,,,,,,,,,,,,
332,,,,,,,,,,,,,,,,,76,119,,257 19,,,,,,,,,,,,,,,,,,,,,,,,,,,,,,,,,,,,,,,,
333,,,,,,,,,,,,,,,,,174,40,,486 48,,,,,,,,,,,,,,,,,,,,,,,,,,,,,,,,,,,,,,,,
334,,,,,,,,,,,,,,,,,478,550,,1193 60,,,,,,,,,,,,,,,,,,,,,,,,,,,,,,,,,,,,,,,,
335,,,,,,,,,,,,,,,,,3,102,,1895 9984,,,,,,,,,,,,,,,,,,,,,,,,,,,,,,,,,,,,,,,,
336,,,,,,,,,,,,,,,,,3,6575,,3 74280,,,,,,,,,,,,,,,,,,,,,,,,,,,,,,,,,,,,,,,,
337,,,,,,,,,,,,,,,,,915,106,,2 124339,,,,,,,,,,,,,,,,,,,,,,,,,,,,,,,,,,,,,,,,
338,,,,,,,,,,,,,,,,,5,88,,15067 199479,,,,,,,,,,,,,,,,,,,,,,,,,,,,,,,,,,,,,,,,
339,,,,,,,,,,,,,,,,,5718,42,,4984 696,,,,,,,,,,,,,,,,,,,,,,,,,,,,,,,,,,,,,,,,
340,,,,,,,,,,,,,,,,,74,27,,689 53804,,,,,,,,,,,,,,,,,,,,,,,,,,,,,,,,,,,,,,,,
341,,,,,,,,,,,,,,,,,1891,45,,19703 3103,,,,,,,,,,,,,,,,,,,,,,,,,,,,,,,,,,,,,,,,
342,,,,,,,,,,,,,,,,,796,1556,,136 574,,,,,,,,,,,,,,,,,,,,,,,,,,,,,,,,,,,,,,,,
343,,,,,,,,,,,,,,,,,666,53,,124 4103,,,,,,,,,,,,,,,,,,,,,,,,,,,,,,,,,,,,,,,,
344,,,,,,,,,,,,,,,,,19,21,,4 145300,,,,,,,,,,,,,,,,,,,,,,,,,,,,,,,,,,,,,,,,
345,,,,,,,,,,,,,,,,,1625,37,,,,,,,,,,,,,,,,,,,,,,,,,,,,,,,,,,,,,,,,,,
346,,,,,,,,,,,,,,,,,,5,,,,,,,,,,,,,,,,,,,,,,,,,,,,,,,,,,,,,,,,,,
347,,,,,,,,,,,,,,,,,,27,,,,,,,,,,,,,,,,,,,,,,,,,,,,,,,,,,,,,,,,,,
348,,,,,,,,,,,,,,,,,,25,,,,,,,,,,,,,,,,,,,,,,,,,,,,,,,,,,,,,,,,,,
349,,,,,,,,,,,,,,,,,,108,,,,,,,,,,,,,,,,,,,,,,,,,,,,,,,,,,,,,,,,,,
350,,,,,,,,,,,,,,,,,,-11,,,,,,,,,,,,,,,,,,,,,,,,,,,,,,,,,,,,,,,,,,
351,,,,,,,,,,,,,,,,,,-11,,,,,,,,,,,,,,,,,,,,,,,,,,,,,,,,,,,,,,,,,,
352,,,,,,,,,,,,,,,,,,26,,,,,,,,,,,,,,,,,,,,,,,,,,,,,,,,,,,,,,,,,,
353,,,,,,,,,,,,,,,,,,17,,,,,,,,,,,,,,,,,,,,,,,,,,,,,,,,,,,,,,,,,,
354,,,,,,,,,,,,,,,,,,16,,,,,,,,,,,,,,,,,,,,,,,,,,,,,,,,,,,,,,,,,,
355,,,,,,,,,,,,,,,,,,6,,,,,,,,,,,,,,,,,,,,,,,,,,,,,,,,,,,,,,,,,,
356,,,,,,,,,,,,,,,,,,4,,,,,,,,,,,,,,,,,,,,,,,,,,,,,,,,,,,,,,,,,,
357,,,,,,,,,,,,,,,,,,26,,,,,,,,,,,,,,,,,,,,,,,,,,,,,,,,,,,,,,,,,,
358,,,,,,,,,,,,,,,,,,9,,,,,,,,,,,,,,,,,,,,,,,,,,,,,,,,,,,,,,,,,,
359,,,,,,,,,,,,,,,,,,20,,,,,,,,,,,,,,,,,,,,,,,,,,,,,,,,,,,,,,,,,,
360,,,,,,,,,,,,,,,,,,36,,,,,,,,,,,,,,,,,,,,,,,,,,,,,,,,,,,,,,,,,,
361,,,,,,,,,,,,,,,,,,33,,,,,,,,,,,,,,,,,,,,,,,,,,,,,,,,,,,,,,,,,,
362,,,,,,,,,,,,,,,,,,10,,,,,,,,,,,,,,,,,,,,,,,,,,,,,,,,,,,,,,,,,,
363,,,,,,,,,,,,,,,,,,35,,,,,,,,,,,,,,,,,,,,,,,,,,,,,,,,,,,,,,,,,,
364,,,,,,,,,,,,,,,,,,10,,,,,,,,,,,,,,,,,,,,,,,,,,,,,,,,,,,,,,,,,,
365,,,,,,,,,,,,,,,,,,62,,,,,,,,,,,,,,,,,,,,,,,,,,,,,,,,,,,,,,,,,,
366,,,,,,,,,,,,,,,,,,53,,,,,,,,,,,,,,,,,,,,,,,,,,,,,,,,,,,,,,,,,,
367,,,,,,,,,,,,,,,,,,23,,,,,,,,,,,,,,,,,,,,,,,,,,,,,,,,,,,,,,,,,,
368,,,,,,,,,,,,,,,,,,29,,,,,,,,,,,,,,,,,,,,,,,,,,,,,,,,,,,,,,,,,,
369,,,,,,,,,,,,,,,,,,19,,,,,,,,,,,,,,,,,,,,,,,,,,,,,,,,,,,,,,,,,,
370,,,,,,,,,,,,,,,,,,31,,,,,,,,,,,,,,,,,,,,,,,,,,,,,,,,,,,,,,,,,,
371,,,,,,,,,,,,,,,,,,30,,,,,,,,,,,,,,,,,,,,,,,,,,,,,,,,,,,,,,,,,,
372,,,,,,,,,,,,,,,,,,27,,,,,,,,,,,,,,,,,,,,,,,,,,,,,,,,,,,,,,,,,,
373,,,,,,,,,,,,,,,,,,15,,,,,,,,,,,,,,,,,,,,,,,,,,,,,,,,,,,,,,,,,,
374,,,,,,,,,,,,,,,,,,22,,,,,,,,,,,,,,,,,,,,,,,,,,,,,,,,,,,,,,,,,,
375,,,,,,,,,,,,,,,,,,42,,,,,,,,,,,,,,,,,,,,,,,,,,,,,,,,,,,,,,,,,,
376,,,,,,,,,,,,,,,,,,90,,,,,,,,,,,,,,,,,,,,,,,,,,,,,,,,,,,,,,,,,,
377,,,,,,,,,,,,,,,,,,6,,,,,,,,,,,,,,,,,,,,,,,,,,,,,,,,,,,,,,,,,,
378,,,,,,,,,,,,,,,,,,1,,,,,,,,,,,,,,,,,,,,,,,,,,,,,,,,,,,,,,,,,,
379,,,,,,,,,,,,,,,,,,90,,,,,,,,,,,,,,,,,,,,,,,,,,,,,,,,,,,,,,,,,,
380,,,,,,,,,,,,,,,,,,84,,,,,,,,,,,,,,,,,,,,,,,,,,,,,,,,,,,,,,,,,,
381,,,,,,,,,,,,,,,,,,1008,,,,,,,,,,,,,,,,,,,,,,,,,,,,,,,,,,,,,,,,,,
382,,,,,,,,,,,,,,,,,,108,,,,,,,,,,,,,,,,,,,,,,,,,,,,,,,,,,,,,,,,,,
383,,,,,,,,,,,,,,,,,,130,,,,,,,,,,,,,,,,,,,,,,,,,,,,,,,,,,,,,,,,,,
384,,,,,,,,,,,,,,,,,,12,,,,,,,,,,,,,,,,,,,,,,,,,,,,,,,,,,,,,,,,,,
385,,,,,,,,,,,,,,,,,,324,,,,,,,,,,,,,,,,,,,,,,,,,,,,,,,,,,,,,,,,,,
386,,,,,,,,,,,,,,,,,,162,,,,,,,,,,,,,,,,,,,,,,,,,,,,,,,,,,,,,,,,,,
387,,,,,,,,,,,,,,,,,,15,,,,,,,,,,,,,,,,,,,,,,,,,,,,,,,,,,,,,,,,,,
388,,,,,,,,,,,,,,,,,,30,,,,,,,,,,,,,,,,,,,,,,,,,,,,,,,,,,,,,,,,,,
389,,,,,,,,,,,,,,,,,,3,,,,,,,,,,,,,,,,,,,,,,,,,,,,,,,,,,,,,,,,,,
390,,,,,,,,,,,,,,,,,,10,,,,,,,,,,,,,,,,,,,,,,,,,,,,,,,,,,,,,,,,,,
391,,,,,,,,,,,,,,,,,,1,,,,,,,,,,,,,,,,,,,,,,,,,,,,,,,,,,,,,,,,,,
392,,,,,,,,,,,,,,,,,,24,,,,,,,,,,,,,,,,,,,,,,,,,,,,,,,,,,,,,,,,,,
393,,,,,,,,,,,,,,,,,,5,,,,,,,,,,,,,,,,,,,,,,,,,,,,,,,,,,,,,,,,,,
394,,,,,,,,,,,,,,,,,,8,,,,,,,,,,,,,,,,,,,,,,,,,,,,,,,,,,,,,,,,,,
395,,,,,,,,,,,,,,,,,,6,,,,,,,,,,,,,,,,,,,,,,,,,,,,,,,,,,,,,,,,,,
396,,,,,,,,,,,,,,,,,,26,,,,,,,,,,,,,,,,,,,,,,,,,,,,,,,,,,,,,,,,,,
397,,,,,,,,,,,,,,,,,,12,,,,,,,,,,,,,,,,,,,,,,,,,,,,,,,,,,,,,,,,,,
398,,,,,,,,,,,,,,,,,,35,,,,,,,,,,,,,,,,,,,,,,,,,,,,,,,,,,,,,,,,,,
399,,,,,,,,,,,,,,,,,,72,,,,,,,,,,,,,,,,,,,,,,,,,,,,,,,,,,,,,,,,,,
400,,,,,,,,,,,,,,,,,,60,,,,,,,,,,,,,,,,,,,,,,,,,,,,,,,,,,,,,,,,,,
401,,,,,,,,,,,,,,,,,,14,,,,,,,,,,,,,,,,,,,,,,,,,,,,,,,,,,,,,,,,,,
402,,,,,,,,,,,,,,,,,,30,,,,,,,,,,,,,,,,,,,,,,,,,,,,,,,,,,,,,,,,,,
403,,,,,,,,,,,,,,,,,,5,,,,,,,,,,,,,,,,,,,,,,,,,,,,,,,,,,,,,,,,,,
404,,,,,,,,,,,,,,,,,,35,,,,,,,,,,,,,,,,,,,,,,,,,,,,,,,,,,,,,,,,,,
405,,,,,,,,,,,,,,,,,,151,,,,,,,,,,,,,,,,,,,,,,,,,,,,,,,,,,,,,,,,,,
406,,,,,,,,,,,,,,,,,,1260,,,,,,,,,,,,,,,,,,,,,,,,,,,,,,,,,,,,,,,,,,
407,,,,,,,,,,,,,,,,,,70,,,,,,,,,,,,,,,,,,,,,,,,,,,,,,,,,,,,,,,,,,
408,,,,,,,,,,,,,,,,,,60,,,,,,,,,,,,,,,,,,,,,,,,,,,,,,,,,,,,,,,,,,
409,,,,,,,,,,,,,,,,,,420,,,,,,,,,,,,,,,,,,,,,,,,,,,,,,,,,,,,,,,,,,
410,,,,,,,,,,,,,,,,,,330,,,,,,,,,,,,,,,,,,,,,,,,,,,,,,,,,,,,,,,,,,
411,,,,,,,,,,,,,,,,,,90,,,,,,,,,,,,,,,,,,,,,,,,,,,,,,,,,,,,,,,,,,
412,,,,,,,,,,,,,,,,,,14,,,,,,,,,,,,,,,,,,,,,,,,,,,,,,,,,,,,,,,,,,
413,,,,,,,,,,,,,,,,,,16,,,,,,,,,,,,,,,,,,,,,,,,,,,,,,,,,,,,,,,,,,
414,,,,,,,,,,,,,,,,,,2,,,,,,,,,,,,,,,,,,,,,,,,,,,,,,,,,,,,,,,,,,
415,,,,,,,,,,,,,,,,,,3,,,,,,,,,,,,,,,,,,,,,,,,,,,,,,,,,,,,,,,,,,
416,,,,,,,,,,,,,,,,,,11,,,,,,,,,,,,,,,,,,,,,,,,,,,,,,,,,,,,,,,,,,
417,,,,,,,,,,,,,,,,,,8,,,,,,,,,,,,,,,,,,,,,,,,,,,,,,,,,,,,,,,,,,
418,,,,,,,,,,,,,,,,,,20,,,,,,,,,,,,,,,,,,,,,,,,,,,,,,,,,,,,,,,,,,
419,,,,,,,,,,,,,,,,,,86,,,,,,,,,,,,,,,,,,,,,,,,,,,,,,,,,,,,,,,,,,
420,,,,,,,,,,,,,,,,,,2,,,,,,,,,,,,,,,,,,,,,,,,,,,,,,,,,,,,,,,,,,
421,,,,,,,,,,,,,,,,,,32,,,,,,,,,,,,,,,,,,,,,,,,,,,,,,,,,,,,,,,,,,
422,,,,,,,,,,,,,,,,,,8,,,,,,,,,,,,,,,,,,,,,,,,,,,,,,,,,,,,,,,,,,
423,,,,,,,,,,,,,,,,,,6,,,,,,,,,,,,,,,,,,,,,,,,,,,,,,,,,,,,,,,,,,
424,,,,,,,,,,,,,,,,,,1,,,,,,,,,,,,,,,,,,,,,,,,,,,,,,,,,,,,,,,,,,
425,,,,,,,,,,,,,,,,,,8,,,,,,,,,,,,,,,,,,,,,,,,,,,,,,,,,,,,,,,,,,
426,,,,,,,,,,,,,,,,,,23,,,,,,,,,,,,,,,,,,,,,,,,,,,,,,,,,,,,,,,,,,
427,,,,,,,,,,,,,,,,,,13,,,,,,,,,,,,,,,,,,,,,,,,,,,,,,,,,,,,,,,,,,
428,,,,,,,,,,,,,,,,,,15,,,,,,,,,,,,,,,,,,,,,,,,,,,,,,,,,,,,,,,,,,
429,,,,,,,,,,,,,,,,,,33,,,,,,,,,,,,,,,,,,,,,,,,,,,,,,,,,,,,,,,,,,
430,,,,,,,,,,,,,,,,,,18,,,,,,,,,,,,,,,,,,,,,,,,,,,,,,,,,,,,,,,,,,
431,,,,,,,,,,,,,,,,,,11,,,,,,,,,,,,,,,,,,,,,,,,,,,,,,,,,,,,,,,,,,
432,,,,,,,,,,,,,,,,,,30,,,,,,,,,,,,,,,,,,,,,,,,,,,,,,,,,,,,,,,,,,
433,,,,,,,,,,,,,,,,,,23,,,,,,,,,,,,,,,,,,,,,,,,,,,,,,,,,,,,,,,,,,
434,,,,,,,,,,,,,,,,,,14,,,,,,,,,,,,,,,,,,,,,,,,,,,,,,,,,,,,,,,,,,
435,,,,,,,,,,,,,,,,,,34,,,,,,,,,,,,,,,,,,,,,,,,,,,,,,,,,,,,,,,,,,
436,,,,,,,,,,,,,,,,,,24,,,,,,,,,,,,,,,,,,,,,,,,,,,,,,,,,,,,,,,,,,
437,,,,,,,,,,,,,,,,,,20,,,,,,,,,,,,,,,,,,,,,,,,,,,,,,,,,,,,,,,,,,
438,,,,,,,,,,,,,,,,,,50,,,,,,,,,,,,,,,,,,,,,,,,,,,,,,,,,,,,,,,,,,
439,,,,,,,,,,,,,,,,,,2,,,,,,,,,,,,,,,,,,,,,,,,,,,,,,,,,,,,,,,,,,
440,,,,,,,,,,,,,,,,,,16,,,,,,,,,,,,,,,,,,,,,,,,,,,,,,,,,,,,,,,,,,
441,,,,,,,,,,,,,,,,,,0,,,,,,,,,,,,,,,,,,,,,,,,,,,,,,,,,,,,,,,,,,
442,,,,,,,,,,,,,,,,,,8,,,,,,,,,,,,,,,,,,,,,,,,,,,,,,,,,,,,,,,,,,
443,,,,,,,,,,,,,,,,,,12,,,,,,,,,,,,,,,,,,,,,,,,,,,,,,,,,,,,,,,,,,
444,,,,,,,,,,,,,,,,,,0,,,,,,,,,,,,,,,,,,,,,,,,,,,,,,,,,,,,,,,,,,
445,,,,,,,,,,,,,,,,,,5,,,,,,,,,,,,,,,,,,,,,,,,,,,,,,,,,,,,,,,,,,
446,,,,,,,,,,,,,,,,,,15,,,,,,,,,,,,,,,,,,,,,,,,,,,,,,,,,,,,,,,,,,
447,,,,,,,,,,,,,,,,,,0,,,,,,,,,,,,,,,,,,,,,,,,,,,,,,,,,,,,,,,,,,
448,,,,,,,,,,,,,,,,,,1,,,,,,,,,,,,,,,,,,,,,,,,,,,,,,,,,,,,,,,,,,
449,,,,,,,,,,,,,,,,,,6,,,,,,,,,,,,,,,,,,,,,,,,,,,,,,,,,,,,,,,,,,
450,,,,,,,,,,,,,,,,,,0,,,,,,,,,,,,,,,,,,,,,,,,,,,,,,,,,,,,,,,,,,
451,,,,,,,,,,,,,,,,,,11,,,,,,,,,,,,,,,,,,,,,,,,,,,,,,,,,,,,,,,,,,
452,,,,,,,,,,,,,,,,,,0,,,,,,,,,,,,,,,,,,,,,,,,,,,,,,,,,,,,,,,,,,
453,,,,,,,,,,,,,,,,,,10,,,,,,,,,,,,,,,,,,,,,,,,,,,,,,,,,,,,,,,,,,
454,,,,,,,,,,,,,,,,,,9,,,,,,,,,,,,,,,,,,,,,,,,,,,,,,,,,,,,,,,,,,
455,,,,,,,,,,,,,,,,,,0,,,,,,,,,,,,,,,,,,,,,,,,,,,,,,,,,,,,,,,,,,
456,,,,,,,,,,,,,,,,,,13,,,,,,,,,,,,,,,,,,,,,,,,,,,,,,,,,,,,,,,,,,
457,,,,,,,,,,,,,,,,,,10,,,,,,,,,,,,,,,,,,,,,,,,,,,,,,,,,,,,,,,,,,
458,,,,,,,,,,,,,,,,,,5,,,,,,,,,,,,,,,,,,,,,,,,,,,,,,,,,,,,,,,,,,
459,,,,,,,,,,,,,,,,,,0,,,,,,,,,,,,,,,,,,,,,,,,,,,,,,,,,,,,,,,,,,
460,,,,,,,,,,,,,,,,,,40,,,,,,,,,,,,,,,,,,,,,,,,,,,,,,,,,,,,,,,,,,
461,,,,,,,,,,,,,,,,,,20,,,,,,,,,,,,,,,,,,,,,,,,,,,,,,,,,,,,,,,,,,
462,,,,,,,,,,,,,,,,,,30,,,,,,,,,,,,,,,,,,,,,,,,,,,,,,,,,,,,,,,,,,
463,,,,,,,,,,,,,,,,,,40,,,,,,,,,,,,,,,,,,,,,,,,,,,,,,,,,,,,,,,,,,
464,,,,,,,,,,,,,,,,,,35,,,,,,,,,,,,,,,,,,,,,,,,,,,,,,,,,,,,,,,,,,
465,,,,,,,,,,,,,,,,,,68,,,,,,,,,,,,,,,,,,,,,,,,,,,,,,,,,,,,,,,,,,
466,,,,,,,,,,,,,,,,,,25,,,,,,,,,,,,,,,,,,,,,,,,,,,,,,,,,,,,,,,,,,
467,,,,,,,,,,,,,,,,,,20,,,,,,,,,,,,,,,,,,,,,,,,,,,,,,,,,,,,,,,,,,
468,,,,,,,,,,,,,,,,,,30,,,,,,,,,,,,,,,,,,,,,,,,,,,,,,,,,,,,,,,,,,
469,,,,,,,,,,,,,,,,,,0,,,,,,,,,,,,,,,,,,,,,,,,,,,,,,,,,,,,,,,,,,
470,,,,,,,,,,,,,,,,,,12,,,,,,,,,,,,,,,,,,,,,,,,,,,,,,,,,,,,,,,,,,
471,,,,,,,,,,,,,,,,,,15,,,,,,,,,,,,,,,,,,,,,,,,,,,,,,,,,,,,,,,,,,
472,,,,,,,,,,,,,,,,,,45,,,,,,,,,,,,,,,,,,,,,,,,,,,,,,,,,,,,,,,,,,
473,,,,,,,,,,,,,,,,,,0,,,,,,,,,,,,,,,,,,,,,,,,,,,,,,,,,,,,,,,,,,
474,,,,,,,,,,,,,,,,,,20,,,,,,,,,,,,,,,,,,,,,,,,,,,,,,,,,,,,,,,,,,
475,,,,,,,,,,,,,,,,,,25,,,,,,,,,,,,,,,,,,,,,,,,,,,,,,,,,,,,,,,,,,
476,,,,,,,,,,,,,,,,,,30,,,,,,,,,,,,,,,,,,,,,,,,,,,,,,,,,,,,,,,,,,
477,,,,,,,,,,,,,,,,,,0,,,,,,,,,,,,,,,,,,,,,,,,,,,,,,,,,,,,,,,,,,
478,,,,,,,,,,,,,,,,,,23,,,,,,,,,,,,,,,,,,,,,,,,,,,,,,,,,,,,,,,,,,
479,,,,,,,,,,,,,,,,,,27,,,,,,,,,,,,,,,,,,,,,,,,,,,,,,,,,,,,,,,,,,
480,,,,,,,,,,,,,,,,,,22,,,,,,,,,,,,,,,,,,,,,,,,,,,,,,,,,,,,,,,,,,
481,,,,,,,,,,,,,,,,,,0,,,,,,,,,,,,,,,,,,,,,,,,,,,,,,,,,,,,,,,,,,
482,,,,,,,,,,,,,,,,,,20,,,,,,,,,,,,,,,,,,,,,,,,,,,,,,,,,,,,,,,,,,
483,,,,,,,,,,,,,,,,,,10,,,,,,,,,,,,,,,,,,,,,,,,,,,,,,,,,,,,,,,,,,
484,,,,,,,,,,,,,,,,,,23,,,,,,,,,,,,,,,,,,,,,,,,,,,,,,,,,,,,,,,,,,
485,,,,,,,,,,,,,,,,,,95,,,,,,,,,,,,,,,,,,,,,,,,,,,,,,,,,,,,,,,,,,
486,,,,,,,,,,,,,,,,,,15,,,,,,,,,,,,,,,,,,,,,,,,,,,,,,,,,,,,,,,,,,
487,,,,,,,,,,,,,,,,,,0,,,,,,,,,,,,,,,,,,,,,,,,,,,,,,,,,,,,,,,,,,
488,,,,,,,,,,,,,,,,,,56,,,,,,,,,,,,,,,,,,,,,,,,,,,,,,,,,,,,,,,,,,
489,,,,,,,,,,,,,,,,,,28,,,,,,,,,,,,,,,,,,,,,,,,,,,,,,,,,,,,,,,,,,
490,,,,,,,,,,,,,,,,,,24,,,,,,,,,,,,,,,,,,,,,,,,,,,,,,,,,,,,,,,,,,
491,,,,,,,,,,,,,,,,,,56,,,,,,,,,,,,,,,,,,,,,,,,,,,,,,,,,,,,,,,,,,
492,,,,,,,,,,,,,,,,,,0,,,,,,,,,,,,,,,,,,,,,,,,,,,,,,,,,,,,,,,,,,
493,,,,,,,,,,,,,,,,,,97,,,,,,,,,,,,,,,,,,,,,,,,,,,,,,,,,,,,,,,,,,
494,,,,,,,,,,,,,,,,,,25,,,,,,,,,,,,,,,,,,,,,,,,,,,,,,,,,,,,,,,,,,
495,,,,,,,,,,,,,,,,,,21,,,,,,,,,,,,,,,,,,,,,,,,,,,,,,,,,,,,,,,,,,
496,,,,,,,,,,,,,,,,,,0,,,,,,,,,,,,,,,,,,,,,,,,,,,,,,,,,,,,,,,,,,
497,,,,,,,,,,,,,,,,,,85,,,,,,,,,,,,,,,,,,,,,,,,,,,,,,,,,,,,,,,,,,
498,,,,,,,,,,,,,,,,,,2518721,,,,,,,,,,,,,,,,,,,,,,,,,,,,,,,,,,,,,,,,,,
499,,,,,,,,,,,,,,,,,,55,,,,,,,,,,,,,,,,,,,,,,,,,,,,,,,,,,,,,,,,,,
500,,,,,,,,,,,,,,,,,,78,,,,,,,,,,,,,,,,,,,,,,,,,,,,,,,,,,,,,,,,,,
501,,,,,,,,,,,,,,,,,,166,,,,,,,,,,,,,,,,,,,,,,,,,,,,,,,,,,,,,,,,,,
502,,,,,,,,,,,,,,,,,,125,,,,,,,,,,,,,,,,,,,,,,,,,,,,,,,,,,,,,,,,,,
503,,,,,,,,,,,,,,,,,,1430,,,,,,,,,,,,,,,,,,,,,,,,,,,,,,,,,,,,,,,,,,
504,,,,,,,,,,,,,,,,,,40,,,,,,,,,,,,,,,,,,,,,,,,,,,,,,,,,,,,,,,,,,
505,,,,,,,,,,,,,,,,,,29,,,,,,,,,,,,,,,,,,,,,,,,,,,,,,,,,,,,,,,,,,
506,,,,,,,,,,,,,,,,,,9,,,,,,,,,,,,,,,,,,,,,,,,,,,,,,,,,,,,,,,,,,
507,,,,,,,,,,,,,,,,,,74,,,,,,,,,,,,,,,,,,,,,,,,,,,,,,,,,,,,,,,,,,
508,,,,,,,,,,,,,,,,,,8,,,,,,,,,,,,,,,,,,,,,,,,,,,,,,,,,,,,,,,,,,
509,,,,,,,,,,,,,,,,,,23,,,,,,,,,,,,,,,,,,,,,,,,,,,,,,,,,,,,,,,,,,
510,,,,,,,,,,,,,,,,,,156,,,,,,,,,,,,,,,,,,,,,,,,,,,,,,,,,,,,,,,,,,
511,,,,,,,,,,,,,,,,,,,,,,,,,,,,,,,,,,,,,,,,,,,,,,,,,,,,,,,,,,,,
512,,,,,,,,,,,,,,,,,,,,,,,,,,,,,,,,,,,,,,,,,,,,,,,,,,,,,,,,,,,,
513,,,,,,,,,,,,,,,,,,,,,,,,,,,,,,,,,,,,,,,,,,,,,,,,,,,,,,,,,,,,
514,,,,,,,,,,,,,,,,,,,,,,,,,,,,,,,,,,,,,,,,,,,,,,,,,,,,,,,,,,,,
515,,,,,,,,,,,,,,,,,,,,,,,,,,,,,,,,,,,,,,,,,,,,,,,,,,,,,,,,,,,,
516,,,,,,,,,,,,,,,,,,,,,,,,,,,,,,,,,,,,,,,,,,,,,,,,,,,,,,,,,,,,
517,,,,,,,,,,,,,,,,,,,,,,,,,,,,,,,,,,,,,,,,,,,,,,,,,,,,,,,,,,,,
518,,,,,,,,,,,,,,,,,,,,,,,,,,,,,,,,,,,,,,,,,,,,,,,,,,,,,,,,,,,,
519,,,,,,,,,,,,,,,,,,,,,,,,,,,,,,,,,,,,,,,,,,,,,,,,,,,,,,,,,,,,
520,,,,,,,,,,,,,,,,,,,,,,,,,,,,,,,,,,,,,,,,,,,,,,,,,,,,,,,,,,,,
521,,,,,,,,,,,,,,,,,,,,,,,,,,,,,,,,,,,,,,,,,,,,,,,,,,,,,,,,,,,,
522,,,,,,,,,,,,,,,,,,,,,,,,,,,,,,,,,,,,,,,,,,,,,,,,,,,,,,,,,,,,
523,,,,,,,,,,,,,,,,,,,,,,,,,,,,,,,,,,,,,,,,,,,,,,,,,,,,,,,,,,,,
524,,,,,,,,,,,,,,,,,,,,,,,,,,,,,,,,,,,,,,,,,,,,,,,,,,,,,,,,,,,,
525,,,,,,,,,,,,,,,,,,,,,,,,,,,,,,,,,,,,,,,,,,,,,,,,,,,,,,,,,,,,
526,,,,,,,,,,,,,,,,,,,,,,,,,,,,,,,,,,,,,,,,,,,,,,,,,,,,,,,,,,,,
527,,,,,,,,,,,,,,,,,,,,,,,,,,,,,,,,,,,,,,,,,,,,,,,,,,,,,,,,,,,,
528,,,,,,,,,,,,,,,,,,,,,,,,,,,,,,,,,,,,,,,,,,,,,,,,,,,,,,,,,,,,
529,,,,,,,,,,,,,,,,,,,,,,,,,,,,,,,,,,,,,,,,,,,,,,,,,,,,,,,,,,,,
530,,,,,,,,,,,,,,,,,,,,,,,,,,,,,,,,,,,,,,,,,,,,,,,,,,,,,,,,,,,,
531,,,,,,,,,,,,,,,,,,,,,,,,,,,,,,,,,,,,,,,,,,,,,,,,,,,,,,,,,,,,
532,,,,,,,,,,,,,,,,,,,,,,,,,,,,,,,,,,,,,,,,,,,,,,,,,,,,,,,,,,,,
533,,,,,,,,,,,,,,,,,,,,,,,,,,,,,,,,,,,,,,,,,,,,,,,,,,,,,,,,,,,,
534,,,,,,,,,,,,,,,,,,,,,,,,,,,,,,,,,,,,,,,,,,,,,,,,,,,,,,,,,,,,
535,,,,,,,,,,,,,,,,,,,,,,,,,,,,,,,,,,,,,,,,,,,,,,,,,,,,,,,,,,,,
536,,,,,,,,,,,,,,,,,,,,,,,,,,,,,,,,,,,,,,,,,,,,,,,,,,,,,,,,,,,,
537,,,,,,,,,,,,,,,,,,,,,,,,,,,,,,,,,,,,,,,,,,,,,,,,,,,,,,,,,,,,
538,,,,,,,,,,,,,,,,,,,,,,,,,,,,,,,,,,,,,,,,,,,,,,,,,,,,,,,,,,,,
539,,,,,,,,,,,,,,,,,,,,,,,,,,,,,,,,,,,,,,,,,,,,,,,,,,,,,,,,,,,,
540,,,,,,,,,,,,,,,,,,,,,,,,,,,,,,,,,,,,,,,,,,,,,,,,,,,,,,,,,,,,
541,,,,,,,,,,,,,,,,,,,,,,,,,,,,,,,,,,,,,,,,,,,,,,,,,,,,,,,,,,,,
542,,,,,,,,,,,,,,,,,,,,,,,,,,,,,,,,,,,,,,,,,,,,,,,,,,,,,,,,,,,,
543,,,,,,,,,,,,,,,,,,,,,,,,,,,,,,,,,,,,,,,,,,,,,,,,,,,,,,,,,,,,
544,,,,,,,,,,,,,,,,,,,,,,,,,,,,,,,,,,,,,,,,,,,,,,,,,,,,,,,,,,,,
545,,,,,,,,,,,,,,,,,,,,,,,,,,,,,,,,,,,,,,,,,,,,,,,,,,,,,,,,,,,,
546,,,,,,,,,,,,,,,,,,,,,,,,,,,,,,,,,,,,,,,,,,,,,,,,,,,,,,,,,,,,
547,,,,,,,,,,,,,,,,,,,,,,,,,,,,,,,,,,,,,,,,,,,,,,,,,,,,,,,,,,,,
548,,,,,,,,,,,,,,,,,,,,,,,,,,,,,,,,,,,,,,,,,,,,,,,,,,,,,,,,,,,,
549,,,,,,,,,,,,,,,,,,,,,,,,,,,,,,,,,,,,,,,,,,,,,,,,,,,,,,,,,,,,
550,,,,,,,,,,,,,,,,,,,,,,,,,,,,,,,,,,,,,,,,,,,,,,,,,,,,,,,,,,,,
551,,,,,,,,,,,,,,,,,,,,,,,,,,,,,,,,,,,,,,,,,,,,,,,,,,,,,,,,,,,,
552,,,,,,,,,,,,,,,,,,,,,,,,,,,,,,,,,,,,,,,,,,,,,,,,,,,,,,,,,,,,
553,,,,,,,,,,,,,,,,,,,,,,,,,,,,,,,,,,,,,,,,,,,,,,,,,,,,,,,,,,,,
554,,,,,,,,,,,,,,,,,,,,,,,,,,,,,,,,,,,,,,,,,,,,,,,,,,,,,,,,,,,,
555,,,,,,,,,,,,,,,,,,,,,,,,,,,,,,,,,,,,,,,,,,,,,,,,,,,,,,,,,,,,
556,,,,,,,,,,,,,,,,,,,,,,,,,,,,,,,,,,,,,,,,,,,,,,,,,,,,,,,,,,,,
557,,,,,,,,,,,,,,,,,,,,,,,,,,,,,,,,,,,,,,,,,,,,,,,,,,,,,,,,,,,,
558,,,,,,,,,,,,,,,,,,,,,,,,,,,,,,,,,,,,,,,,,,,,,,,,,,,,,,,,,,,,
559,,,,,,,,,,,,,,,,,,,,,,,,,,,,,,,,,,,,,,,,,,,,,,,,,,,,,,,,,,,,
560,,,,,,,,,,,,,,,,,,,,,,,,,,,,,,,,,,,,,,,,,,,,,,,,,,,,,,,,,,,,
561,,,,,,,,,,,,,,,,,,,,,,,,,,,,,,,,,,,,,,,,,,,,,,,,,,,,,,,,,,,,
562,,,,,,,,,,,,,,,,,,,,,,,,,,,,,,,,,,,,,,,,,,,,,,,,,,,,,,,,,,,,
563,,,,,,,,,,,,,,,,,,,,,,,,,,,,,,,,,,,,,,,,,,,,,,,,,,,,,,,,,,,,
564,,,,,,,,,,,,,,,,,,,,,,,,,,,,,,,,,,,,,,,,,,,,,,,,,,,,,,,,,,,,
565,,,,,,,,,,,,,,,,,,,,,,,,,,,,,,,,,,,,,,,,,,,,,,,,,,,,,,,,,,,,
566,,,,,,,,,,,,,,,,,,,,,,,,,,,,,,,,,,,,,,,,,,,,,,,,,,,,,,,,,,,,
567,,,,,,,,,,,,,,,,,,,,,,,,,,,,,,,,,,,,,,,,,,,,,,,,,,,,,,,,,,,,
568,,,,,,,,,,,,,,,,,,,,,,,,,,,,,,,,,,,,,,,,,,,,,,,,,,,,,,,,,,,,
569,,,,,,,,,,,,,,,,,,,,,,,,,,,,,,,,,,,,,,,,,,,,,,,,,,,,,,,,,,,,
570,,,,,,,,,,,,,,,,,,,,,,,,,,,,,,,,,,,,,,,,,,,,,,,,,,,,,,,,,,,,
571,,,,,,,,,,,,,,,,,,,,,,,,,,,,,,,,,,,,,,,,,,,,,,,,,,,,,,,,,,,,
572,,,,,,,,,,,,,,,,,,,,,,,,,,,,,,,,,,,,,,,,,,,,,,,,,,,,,,,,,,,,
573,,,,,,,,,,,,,,,,,,,,,,,,,,,,,,,,,,,,,,,,,,,,,,,,,,,,,,,,,,,,
574,,,,,,,,,,,,,,,,,,,,,,,,,,,,,,,,,,,,,,,,,,,,,,,,,,,,,,,,,,,,
575,,,,,,,,,,,,,,,,,,,,,,,,,,,,,,,,,,,,,,,,,,,,,,,,,,,,,,,,,,,,
576,,,,,,,,,,,,,,,,,,,,,,,,,,,,,,,,,,,,,,,,,,,,,,,,,,,,,,,,,,,,
577,,,,,,,,,,,,,,,,,,,,,,,,,,,,,,,,,,,,,,,,,,,,,,,,,,,,,,,,,,,,
578,,,,,,,,,,,,,,,,,,,,,,,,,,,,,,,,,,,,,,,,,,,,,,,,,,,,,,,,,,,,
579,,,,,,,,,,,,,,,,,,,,,,,,,,,,,,,,,,,,,,,,,,,,,,,,,,,,,,,,,,,,
580,,,,,,,,,,,,,,,,,,,,,,,,,,,,,,,,,,,,,,,,,,,,,,,,,,,,,,,,,,,,
581,,,,,,,,,,,,,,,,,,,,,,,,,,,,,,,,,,,,,,,,,,,,,,,,,,,,,,,,,,,,
582,,,,,,,,,,,,,,,,,,,,,,,,,,,,,,,,,,,,,,,,,,,,,,,,,,,,,,,,,,,,
583,,,,,,,,,,,,,,,,,,,,,,,,,,,,,,,,,,,,,,,,,,,,,,,,,,,,,,,,,,,,
584,,,,,,,,,,,,,,,,,,,,,,,,,,,,,,,,,,,,,,,,,,,,,,,,,,,,,,,,,,,,
585,,,,,,,,,,,,,,,,,,,,,,,,,,,,,,,,,,,,,,,,,,,,,,,,,,,,,,,,,,,,
586,,,,,,,,,,,,,,,,,,,,,,,,,,,,,,,,,,,,,,,,,,,,,,,,,,,,,,,,,,,,
587,,,,,,,,,,,,,,,,,,,,,,,,,,,,,,,,,,,,,,,,,,,,,,,,,,,,,,,,,,,,
588,,,,,,,,,,,,,,,,,,,,,,,,,,,,,,,,,,,,,,,,,,,,,,,,,,,,,,,,,,,,
589,,,,,,,,,,,,,,,,,,,,,,,,,,,,,,,,,,,,,,,,,,,,,,,,,,,,,,,,,,,,
590,,,,,,,,,,,,,,,,,,,,,,,,,,,,,,,,,,,,,,,,,,,,,,,,,,,,,,,,,,,,
591,,,,,,,,,,,,,,,,,,,,,,,,,,,,,,,,,,,,,,,,,,,,,,,,,,,,,,,,,,,,
592,,,,,,,,,,,,,,,,,,,,,,,,,,,,,,,,,,,,,,,,,,,,,,,,,,,,,,,,,,,,
593,,,,,,,,,,,,,,,,,,,,,,,,,,,,,,,,,,,,,,,,,,,,,,,,,,,,,,,,,,,,
594,,,,,,,,,,,,,,,,,,,,,,,,,,,,,,,,,,,,,,,,,,,,,,,,,,,,,,,,,,,,
595,,,,,,,,,,,,,,,,,,,,,,,,,,,,,,,,,,,,,,,,,,,,,,,,,,,,,,,,,,,,
596,,,,,,,,,,,,,,,,,,,,,,,,,,,,,,,,,,,,,,,,,,,,,,,,,,,,,,,,,,,,
597,,,,,,,,,,,,,,,,,,,,,,,,,,,,,,,,,,,,,,,,,,,,,,,,,,,,,,,,,,,,
598,,,,,,,,,,,,,,,,,,,,,,,,,,,,,,,,,,,,,,,,,,,,,,,,,,,,,,,,,,,,
599,,,,,,,,,,,,,,,,,,,,,,,,,,,,,,,,,,,,,,,,,,,,,,,,,,,,,,,,,,,,
600,,,,,,,,,,,,,,,,,,,,,,,,,,,,,,,,,,,,,,,,,,,,,,,,,,,,,,,,,,,,
601,,,,,,,,,,,,,,,,,,,,,,,,,,,,,,,,,,,,,,,,,,,,,,,,,,,,,,,,,,,,
602,,,,,,,,,,,,,,,,,,,,,,,,,,,,,,,,,,,,,,,,,,,,,,,,,,,,,,,,,,,,
